name;location;metry;price ;centrum;zamek;³azienki;opinie;rating;beds;parking;toaleta;zwierzeta;price_for;room_type;;;;url;;;;;;;;
;;;;;;;;;;;;;;;;;;;;;;;;;;
SleepWell Apartments Ordynacka;Œródmieœcie, Warszawa Poka¿ na mapie;;591 ;1000;;;1 402 ;9,2;"1 ³ó¿ko
(1 du¿e podwójne)";;;;1 noc, 2 doros³ych;Ma³y pokój Dwuosobowy;;;;"https://www.booking.com/hotel/pl/sleepwell-apartments-ordynacka.pl.html?aid=376384&label=bdot-B_AMmyp_WLH_Av2PkrGHrgS411092421008%3Apl%3Ata%3Ap1%3Ap22.562.000%3Aac%3Aap%3Aneg%3Afi%3Atikwd-334108349%3Alp9067401%3Ali%3Adec%3Adm%3Appccp%3DUmFuZG9tSVYkc2RlIyh9Yf5EcukO1MOGv2VrE6ywbUM&sid=e75d791f65dc3dfa90dd3a3500eeb416&all_sr_blocks=117238201_210166427_0_2_0&checkin=2020-08-30&checkout=2020-08-31&dest_id=-534433&dest_type=city&group_adults=2&group_children=0&hapos=1&highlighted_blocks=117238201_210166427_0_2_0&hpos=1&no_rooms=1&sr_order=popularity&sr_pri_blocks=117238201_210166427_0_2_0__59101&srepoch=1588862981&srpvid=ae8768423e0f00b7&ucfs=1&from=searchresults
;highlight_room=#hotelTmpl";;;;;;;;
;;;;;;;;;;;;;;;;;;;;;;;;;;
Apartment4You Select Kolejowa;Wola, Warszawa Poka¿ na mapie;;420 ;1000;;;1 042 ;8,7;"1 ³ó¿ko
(1 podwójne)";;;;1 noc, 2 doros³ych;Apartament typu studio;;;;"https://www.booking.com/hotel/pl/apartments-kolejowa.pl.html?aid=376384&label=bdot-B_AMmyp_WLH_Av2PkrGHrgS411092421008%3Apl%3Ata%3Ap1%3Ap22.562.000%3Aac%3Aap%3Aneg%3Afi%3Atikwd-334108349%3Alp9067401%3Ali%3Adec%3Adm%3Appccp%3DUmFuZG9tSVYkc2RlIyh9Yf5EcukO1MOGv2VrE6ywbUM&sid=e75d791f65dc3dfa90dd3a3500eeb416&all_sr_blocks=163033802_179823013_2_0_0&checkin=2020-08-30&checkout=2020-08-31&dest_id=-534433&dest_type=city&group_adults=2&group_children=0&hapos=2&highlighted_blocks=163033802_179823013_2_0_0&hpos=2&no_rooms=1&sr_order=popularity&sr_pri_blocks=163033802_179823013_2_0_0__41999&srepoch=1588862981&srpvid=ae8768423e0f00b7&ucfs=1&from=searchresults
;highlight_room=#hotelTmpl";;;;;;;;
;;;;;;;;;;;;;;;;;;;;;;;;;;
Coser Apartamenty Centrum;Œródmieœcie, Warszawa Poka¿ na mapie;26;190 ;1000;1600;3200;1862;8,5;2;0;1;0;1 noc, 2 doros³ych;Apartament z 1 sypialni¹ - ul. Grzybowska 16/22;;;;"https://www.booking.com/hotel/pl/apartament-na-grzybowskiej.pl.html?aid=376384&label=bdot-B_AMmyp_WLH_Av2PkrGHrgS411092421008%3Apl%3Ata%3Ap1%3Ap22.562.000%3Aac%3Aap%3Aneg%3Afi%3Atikwd-334108349%3Alp9067401%3Ali%3Adec%3Adm%3Appccp%3DUmFuZG9tSVYkc2RlIyh9Yf5EcukO1MOGv2VrE6ywbUM&sid=e75d791f65dc3dfa90dd3a3500eeb416&all_sr_blocks=187979627_241785205_2_0_0&checkin=2020-08-30&checkout=2020-08-31&dest_id=-534433&dest_type=city&group_adults=2&group_children=0&hapos=3&highlighted_blocks=187979627_241785205_2_0_0&hpos=3&no_rooms=1&sr_order=popularity&sr_pri_blocks=187979627_241785205_2_0_0__19000&srepoch=1588862981&srpvid=ae8768423e0f00b7&ucfs=1&from=searchresults
;highlight_room=#hotelTmpl";;;;;;;;
;;;;;;;;;;;;;;;;;;;;;;;;;;
Warsaw Apartments - Apartamenty Wilanów;Wilanów, Warszawa Poka¿ na mapie;30;119 ;10100;11000;7700;923;8,3;1;1;1;0;1 noc, 2 doros³ych;Apartament z ³ó¿kiem podwójnym;;;;"https://www.booking.com/hotel/pl/warsaw-apartments-apartamenty-wilanow.pl.html?aid=376384&label=bdot-B_AMmyp_WLH_Av2PkrGHrgS411092421008%3Apl%3Ata%3Ap1%3Ap22.562.000%3Aac%3Aap%3Aneg%3Afi%3Atikwd-334108349%3Alp9067401%3Ali%3Adec%3Adm%3Appccp%3DUmFuZG9tSVYkc2RlIyh9Yf5EcukO1MOGv2VrE6ywbUM&sid=e75d791f65dc3dfa90dd3a3500eeb416&all_sr_blocks=40696507_241965215_0_0_0&checkin=2020-08-30&checkout=2020-08-31&dest_id=-534433&dest_type=city&group_adults=2&group_children=0&hapos=4&highlighted_blocks=40696507_241965215_0_0_0&hpos=4&no_rooms=1&sr_order=popularity&sr_pri_blocks=40696507_241965215_0_0_0__11899&srepoch=1588862981&srpvid=ae8768423e0f00b7&ucfs=1&from=searchresults
;highlight_room=#hotelTmpl";;;;;;;;
;;;;;;;;;;;;;;;;;;;;;;;;;;
Noctis Apartment Nowogrodzka;Œródmieœcie, Warszawa Poka¿ na mapie;22;139 ;250;2300;2100;162;7,8;1;0;1;0;1 noc, 2 doros³ych;Apartament typu studio;;;;"https://www.booking.com/hotel/pl/noctis-apartment-nowogrodzka.pl.html?aid=376384&label=bdot-B_AMmyp_WLH_Av2PkrGHrgS411092421008%3Apl%3Ata%3Ap1%3Ap22.562.000%3Aac%3Aap%3Aneg%3Afi%3Atikwd-334108349%3Alp9067401%3Ali%3Adec%3Adm%3Appccp%3DUmFuZG9tSVYkc2RlIyh9Yf5EcukO1MOGv2VrE6ywbUM&sid=e75d791f65dc3dfa90dd3a3500eeb416&all_sr_blocks=220207301_135865121_2_0_0&checkin=2020-08-30&checkout=2020-08-31&dest_id=-534433&dest_type=city&group_adults=2&group_children=0&hapos=5&highlighted_blocks=220207301_135865121_2_0_0&hpos=5&no_rooms=1&sr_order=popularity&sr_pri_blocks=220207301_135865121_2_0_0__13900&srepoch=1588862981&srpvid=ae8768423e0f00b7&ucfs=1&from=searchresults
;highlight_room=#hotelTmpl";;;;;;;;
;;;;;;;;;;;;;;;;;;;;;;;;;;
GO Apartments;Wola, Warszawa Poka¿ na mapie;34;205 ;1500;3300;3600;1 164 ;9,2;1;1;1;1;1 noc, 2 doros³ych;Apartament typu Standard;;;;"https://www.booking.com/hotel/pl/go-apartments-warsaw1.pl.html?aid=376384&label=bdot-B_AMmyp_WLH_Av2PkrGHrgS411092421008%3Apl%3Ata%3Ap1%3Ap22.562.000%3Aac%3Aap%3Aneg%3Afi%3Atikwd-334108349%3Alp9067401%3Ali%3Adec%3Adm%3Appccp%3DUmFuZG9tSVYkc2RlIyh9Yf5EcukO1MOGv2VrE6ywbUM&sid=e75d791f65dc3dfa90dd3a3500eeb416&all_sr_blocks=158151301_180238924_0_2_0&checkin=2020-08-30&checkout=2020-08-31&dest_id=-534433&dest_type=city&group_adults=2&group_children=0&hapos=6&highlighted_blocks=158151301_180238924_0_2_0&hpos=6&no_rooms=1&sr_order=popularity&sr_pri_blocks=158151301_180238924_0_2_0__20520&srepoch=1588862981&srpvid=ae8768423e0f00b7&ucfs=1&from=searchresults
;highlight_room=#hotelTmpl";;;;;;;;
;;;;;;;;;;;;;;;;;;;;;;;;;;
Warsaw-Apartments Apartamenty Sadyba;Mokotów, Warszawa Poka¿ na mapie;34;259 ;7000;8300;4800;695;8,4;2;1;1;0;1 noc, 2 doros³ych;Apartament z 2 ³ó¿kami pojedynczymi;;;;"https://www.booking.com/hotel/pl/warsaw-apartments-sadyba-wilana3w.pl.html?aid=376384&label=bdot-B_AMmyp_WLH_Av2PkrGHrgS411092421008%3Apl%3Ata%3Ap1%3Ap22.562.000%3Aac%3Aap%3Aneg%3Afi%3Atikwd-334108349%3Alp9067401%3Ali%3Adec%3Adm%3Appccp%3DUmFuZG9tSVYkc2RlIyh9Yf5EcukO1MOGv2VrE6ywbUM&sid=e75d791f65dc3dfa90dd3a3500eeb416&all_sr_blocks=36567102_247675709_0_2_0&checkin=2020-08-30&checkout=2020-08-31&dest_id=-534433&dest_type=city&group_adults=2&group_children=0&hapos=7&highlighted_blocks=36567102_247675709_0_2_0&hpos=7&no_rooms=1&sr_order=popularity&sr_pri_blocks=36567102_247675709_0_2_0__25900&srepoch=1588862981&srpvid=ae8768423e0f00b7&ucfs=1&from=searchresults
;highlight_room=#hotelTmpl";;;;;;;;
;;;;;;;;;;;;;;;;;;;;;;;;;;
West Hotel;W³ochy, Warszawa Poka¿ na mapie;20;119 ;6400;8000;8000;805;7,5;1;1;1;0;1 noc, 2 doros³ych;Pokój dwuosobowy z prywatn¹ ³azienk¹;;;;"https://www.booking.com/hotel/pl/montemarco.pl.html?aid=376384&label=bdot-B_AMmyp_WLH_Av2PkrGHrgS411092421008%3Apl%3Ata%3Ap1%3Ap22.562.000%3Aac%3Aap%3Aneg%3Afi%3Atikwd-334108349%3Alp9067401%3Ali%3Adec%3Adm%3Appccp%3DUmFuZG9tSVYkc2RlIyh9Yf5EcukO1MOGv2VrE6ywbUM&sid=e75d791f65dc3dfa90dd3a3500eeb416&all_sr_blocks=44147601_256667066_0_2_0&checkin=2020-08-30&checkout=2020-08-31&dest_id=-534433&dest_type=city&group_adults=2&group_children=0&hapos=8&highlighted_blocks=44147601_256667066_0_2_0&hpos=8&no_rooms=1&sr_order=popularity&sr_pri_blocks=44147601_256667066_0_2_0__11899&srepoch=1588862981&srpvid=ae8768423e0f00b7&ucfs=1&from=searchresults
;highlight_room=#hotelTmpl";;;;;;;;
Coser Apartamenty Centrum Œwiêtokrzyska;Œródmieœcie, Warszawa Poka¿ na mapie;38;200 ;650;1500;2600;1 280 ;8,3;3;0;1;0;1 noc, 2 doros³ych;Apartament z 1 sypialni¹;;;;"https://www.booking.com/hotel/pl/coser-apartament-na-swietokrzyskiej-35.pl.html?aid=376384&label=bdot-B_AMmyp_WLH_Av2PkrGHrgS411092421008%3Apl%3Ata%3Ap1%3Ap22.562.000%3Aac%3Aap%3Aneg%3Afi%3Atikwd-334108349%3Alp9067401%3Ali%3Adec%3Adm%3Appccp%3DUmFuZG9tSVYkc2RlIyh9Yf5EcukO1MOGv2VrE6ywbUM&sid=e75d791f65dc3dfa90dd3a3500eeb416&all_sr_blocks=193088913_241785370_2_0_0&checkin=2020-08-30&checkout=2020-08-31&dest_id=-534433&dest_type=city&group_adults=2&group_children=0&hapos=9&highlighted_blocks=193088913_241785370_2_0_0&hpos=9&no_rooms=1&sr_order=popularity&sr_pri_blocks=193088913_241785370_2_0_0__19999&srepoch=1588862981&srpvid=ae8768423e0f00b7&ucfs=1&from=searchresults
;highlight_room=#hotelTmpl";;;;;;;;
;;;;;;;;;;;;;;;;;;;;;;;;;;
Hotel Holiday Park;Bielany, Warszawa Poka¿ na mapie;21;270 ;9600;8300;12100;1 491 ;7,9;2;1;1;0;1 noc, 2 doros³ych;Pokój Dwuosobowy z 1 lub 2 ³ó¿kami;;;;"https://www.booking.com/hotel/pl/holiday-park-warszawa.pl.html?aid=376384&label=bdot-B_AMmyp_WLH_Av2PkrGHrgS411092421008%3Apl%3Ata%3Ap1%3Ap22.562.000%3Aac%3Aap%3Aneg%3Afi%3Atikwd-334108349%3Alp9067401%3Ali%3Adec%3Adm%3Appccp%3DUmFuZG9tSVYkc2RlIyh9Yf5EcukO1MOGv2VrE6ywbUM&sid=e75d791f65dc3dfa90dd3a3500eeb416&all_sr_blocks=139514806_184501595_0_1_0&checkin=2020-08-30&checkout=2020-08-31&dest_id=-534433&dest_type=city&group_adults=2&group_children=0&hapos=10&highlighted_blocks=139514806_184501595_0_1_0&hpos=10&no_rooms=1&sr_order=popularity&sr_pri_blocks=139514806_184501595_0_1_0__26999&srepoch=1588862981&srpvid=ae8768423e0f00b7&ucfs=1&from=searchresults
;highlight_room=#hotelTmpl";;;;;;;;
;;;;;;;;;;;;;;;;;;;;;;;;;;
P&O Serviced Apartments FABRYCZNA;Œródmieœcie, Warszawa Poka¿ na mapie;40;256 ;2500;3100;1200;255;7,9;3;1;1;0;1 noc, 2 doros³ych;Apartament;;;;"https://www.booking.com/hotel/pl/apartament-powisle.pl.html?aid=376384&label=bdot-B_AMmyp_WLH_Av2PkrGHrgS411092421008%3Apl%3Ata%3Ap1%3Ap22.562.000%3Aac%3Aap%3Aneg%3Afi%3Atikwd-334108349%3Alp9067401%3Ali%3Adec%3Adm%3Appccp%3DUmFuZG9tSVYkc2RlIyh9Yf5EcukO1MOGv2VrE6ywbUM&sid=e75d791f65dc3dfa90dd3a3500eeb416&all_sr_blocks=48560202_179737188_2_2_0&checkin=2020-08-30&checkout=2020-08-31&dest_id=-534433&dest_type=city&group_adults=2&group_children=0&hapos=11&highlighted_blocks=48560202_179737188_2_2_0&hpos=11&no_rooms=1&sr_order=popularity&sr_pri_blocks=48560202_179737188_2_2_0__25600&srepoch=1588862981&srpvid=ae8768423e0f00b7&ucfs=1&from=searchresults
;highlight_room=#hotelTmpl";;;;;;;;
;;;;;;;;;;;;;;;;;;;;;;;;;;
Logos;Œródmieœcie, Warszawa Poka¿ na mapie;17;258 ;2200;1600;2500;4 505 ;8,3;2;1;1;1;1 noc, 2 doros³ych;Pokój z 2 ³ó¿kami pojedynczymi;;;;"https://www.booking.com/hotel/pl/logos-warszawa.pl.html?aid=376384&label=bdot-B_AMmyp_WLH_Av2PkrGHrgS411092421008%3Apl%3Ata%3Ap1%3Ap22.562.000%3Aac%3Aap%3Aneg%3Afi%3Atikwd-334108349%3Alp9067401%3Ali%3Adec%3Adm%3Appccp%3DUmFuZG9tSVYkc2RlIyh9Yf5EcukO1MOGv2VrE6ywbUM&sid=e75d791f65dc3dfa90dd3a3500eeb416&all_sr_blocks=24292802_115859529_0_2_0&checkin=2020-08-30&checkout=2020-08-31&dest_id=-534433&dest_type=city&group_adults=2&group_children=0&hapos=12&highlighted_blocks=24292802_115859529_0_2_0&hpos=12&no_rooms=1&sr_order=popularity&sr_pri_blocks=24292802_115859529_0_2_0__25800&srepoch=1588862981&srpvid=ae8768423e0f00b7&ucfs=1&from=searchresults
;highlight_room=#hotelTmpl";;;;;;;;
;;;;;;;;;;;;;;;;;;;;;;;;;;
Ibis Warszawa Stare Miasto;Œródmieœcie, Warszawa Poka¿ na mapie;18;190 ;2800;1300;4800;5 323 ;8,3;1;1;1;1;1 noc, 2 doros³ych;Pokój typu Standard z 1 ³ó¿kiem podwójnym;;;;"https://www.booking.com/hotel/pl/ibiswarszawastaremiasto.pl.html?aid=376384&label=bdot-B_AMmyp_WLH_Av2PkrGHrgS411092421008%3Apl%3Ata%3Ap1%3Ap22.562.000%3Aac%3Aap%3Aneg%3Afi%3Atikwd-334108349%3Alp9067401%3Ali%3Adec%3Adm%3Appccp%3DUmFuZG9tSVYkc2RlIyh9Yf5EcukO1MOGv2VrE6ywbUM&sid=e75d791f65dc3dfa90dd3a3500eeb416&all_sr_blocks=1862604_246111655_2_2_0&checkin=2020-08-30&checkout=2020-08-31&dest_id=-534433&dest_type=city&group_adults=2&group_children=0&hapos=13&highlighted_blocks=1862604_246111655_2_2_0&hpos=13&no_rooms=1&sr_order=popularity&sr_pri_blocks=1862604_246111655_2_2_0__19000&srepoch=1588862981&srpvid=ae8768423e0f00b7&ucfs=1&from=searchresults
;highlight_room=#hotelTmpl";;;;;;;;
;;;;;;;;;;;;;;;;;;;;;;;;;;
Hostel Chmielna 5 Rooms & Apartments;Œródmieœcie, Warszawa Poka¿ na mapie;25;186 ;800;1700;2100;699;7,6;2;0;0;1;1 noc, 2 doros³ych;Pokój Dwuosobowy;;;;"https://www.booking.com/hotel/pl/hostel-chmielna-5.pl.html?aid=376384&label=bdot-B_AMmyp_WLH_Av2PkrGHrgS411092421008%3Apl%3Ata%3Ap1%3Ap22.562.000%3Aac%3Aap%3Aneg%3Afi%3Atikwd-334108349%3Alp9067401%3Ali%3Adec%3Adm%3Appccp%3DUmFuZG9tSVYkc2RlIyh9Yf5EcukO1MOGv2VrE6ywbUM&sid=e75d791f65dc3dfa90dd3a3500eeb416&all_sr_blocks=58220617_190315726_0_0_0&checkin=2020-08-30&checkout=2020-08-31&dest_id=-534433&dest_type=city&group_adults=2&group_children=0&hapos=14&highlighted_blocks=58220617_190315726_0_0_0&hpos=14&no_rooms=1&sr_order=popularity&sr_pri_blocks=58220617_190315726_0_0_0__18630&srepoch=1588862981&srpvid=ae8768423e0f00b7&ucfs=1&from=searchresults
;highlight_room=#hotelTmpl";;;;;;;;
;;;;;;;;;;;;;;;;;;;;;;;;;;
a&o Warschau Wola;Wola, Warszawa Poka¿ na mapie;16;85 ;2000;3600;4300;129;8,6;2;1;1;1;1 noc, 2 doros³ych;Pokój z 2 ³ó¿kami pojedynczymi;;;;"https://www.booking.com/hotel/pl/a-amp-o-warschau-wola.pl.html?aid=376384&label=bdot-B_AMmyp_WLH_Av2PkrGHrgS411092421008%3Apl%3Ata%3Ap1%3Ap22.562.000%3Aac%3Aap%3Aneg%3Afi%3Atikwd-334108349%3Alp9067401%3Ali%3Adec%3Adm%3Appccp%3DUmFuZG9tSVYkc2RlIyh9Yf5EcukO1MOGv2VrE6ywbUM&sid=e75d791f65dc3dfa90dd3a3500eeb416&all_sr_blocks=439714602_205756283_0_2_0&checkin=2020-08-30&checkout=2020-08-31&dest_id=-534433&dest_type=city&group_adults=2&group_children=0&hapos=15&highlighted_blocks=439714602_205756283_0_2_0&hpos=15&no_rooms=1&sr_order=popularity&sr_pri_blocks=439714602_205756283_0_2_0__8471&srepoch=1588862981&srpvid=ae8768423e0f00b7&ucfs=1&from=searchresults
;highlight_room=#hotelTmpl";;;;;;;;
;;;;;;;;;;;;;;;;;;;;;;;;;;
Hampton by Hilton Warsaw City Centre;Œródmieœcie, Warszawa Poka¿ na mapie;23;259 ;600;2600;2100;10 714 ;8,8;2;1;1;0;1 noc, 2 doros³ych;Pokój z 2 ³ó¿kami pojedynczymi;;;;"https://www.booking.com/hotel/pl/hampton-by-hilton-warsaw-city-centre.pl.html?aid=376384&label=bdot-B_AMmyp_WLH_Av2PkrGHrgS411092421008%3Apl%3Ata%3Ap1%3Ap22.562.000%3Aac%3Aap%3Aneg%3Afi%3Atikwd-334108349%3Alp9067401%3Ali%3Adec%3Adm%3Appccp%3DUmFuZG9tSVYkc2RlIyh9Yf5EcukO1MOGv2VrE6ywbUM&sid=e75d791f65dc3dfa90dd3a3500eeb416&all_sr_blocks=100008202_126670370_2_1_0&checkin=2020-08-30&checkout=2020-08-31&dest_id=-534433&dest_type=city&group_adults=2&group_children=0&hapos=16&highlighted_blocks=100008202_126670370_2_1_0&hpos=16&no_rooms=1&sr_order=popularity&sr_pri_blocks=100008202_126670370_2_1_0__25920&srepoch=1588862981&srpvid=ae8768423e0f00b7&ucfs=1&from=searchresults
;highlight_room=#hotelTmpl";;;;;;;;
;;;;;;;;;;;;;;;;;;;;;;;;;;
Best Western Hotel Felix;Praga Po³udnie, Warszawa Poka¿ na mapie;20;180 ;6000;5600;5400;2 843 ;8,3;1;1;1;1;1 noc, 2 doros³ych;Pokój typu Premium z ³ó¿kiem typu king-size;;;;"https://www.booking.com/hotel/pl/warsaw_felix.pl.html?aid=376384&label=bdot-B_AMmyp_WLH_Av2PkrGHrgS411092421008%3Apl%3Ata%3Ap1%3Ap22.562.000%3Aac%3Aap%3Aneg%3Afi%3Atikwd-334108349%3Alp9067401%3Ali%3Adec%3Adm%3Appccp%3DUmFuZG9tSVYkc2RlIyh9Yf5EcukO1MOGv2VrE6ywbUM&sid=e75d791f65dc3dfa90dd3a3500eeb416&all_sr_blocks=8702616_119411576_2_2_0&checkin=2020-08-30&checkout=2020-08-31&dest_id=-534433&dest_type=city&group_adults=2&group_children=0&hapos=17&highlighted_blocks=8702616_119411576_2_2_0&hpos=17&no_rooms=1&sr_order=popularity&sr_pri_blocks=8702616_119411576_2_2_0__18000&srepoch=1588862981&srpvid=ae8768423e0f00b7&ucfs=1&from=searchresults
;highlight_room=#hotelTmpl";;;;;;;;
;;;;;;;;;;;;;;;;;;;;;;;;;;
Hotel Arche Geologiczna;W³ochy, Warszawa Poka¿ na mapie;32;199 ;5000;7600;5800;1 730 ;9,2;1;1;1;1;1 noc, 2 doros³ych;Pokój dwuosobowy typu Standard;;;;"https://www.booking.com/hotel/pl/arche-geologiczna.pl.html?aid=376384&label=bdot-B_AMmyp_WLH_Av2PkrGHrgS411092421008%3Apl%3Ata%3Ap1%3Ap22.562.000%3Aac%3Aap%3Aneg%3Afi%3Atikwd-334108349%3Alp9067401%3Ali%3Adec%3Adm%3Appccp%3DUmFuZG9tSVYkc2RlIyh9Yf5EcukO1MOGv2VrE6ywbUM&sid=e75d791f65dc3dfa90dd3a3500eeb416&all_sr_blocks=457637711_236577055_0_2_0&checkin=2020-08-30&checkout=2020-08-31&dest_id=-534433&dest_type=city&group_adults=2&group_children=0&hapos=18&highlighted_blocks=457637711_236577055_0_2_0&hpos=18&no_rooms=1&sr_order=popularity&sr_pri_blocks=457637711_236577055_0_2_0__19899&srepoch=1588862981&srpvid=ae8768423e0f00b7&ucfs=1&from=searchresults
;highlight_room=#hotelTmpl";;;;;;;;
;;;;;;;;;;;;;;;;;;;;;;;;;;
Hotel Gromada Warszawa Centrum;Œródmieœcie, Warszawa Poka¿ na mapie;15;200 ;700;1500;2400;5 369 ;7,9;1;0;1;1;1 noc, 2 doros³ych;Pokój dwuosobowy typu Standard;;;;"https://www.booking.com/hotel/pl/gromadawawcentrum.pl.html?aid=376384&label=bdot-B_AMmyp_WLH_Av2PkrGHrgS411092421008%3Apl%3Ata%3Ap1%3Ap22.562.000%3Aac%3Aap%3Aneg%3Afi%3Atikwd-334108349%3Alp9067401%3Ali%3Adec%3Adm%3Appccp%3DUmFuZG9tSVYkc2RlIyh9Yf5EcukO1MOGv2VrE6ywbUM&sid=e75d791f65dc3dfa90dd3a3500eeb416&all_sr_blocks=8718618_145438776_0_2_0&checkin=2020-08-30&checkout=2020-08-31&dest_id=-534433&dest_type=city&group_adults=2&group_children=0&hapos=19&highlighted_blocks=8718618_145438776_0_2_0&hpos=19&no_rooms=1&sr_order=popularity&sr_pri_blocks=8718618_145438776_0_2_0__19999&srepoch=1588862981&srpvid=ae8768423e0f00b7&ucfs=1&from=searchresults
;highlight_room=#hotelTmpl";;;;;;;;
;;;;;;;;;;;;;;;;;;;;;;;;;;
Premiere Classe Varsovie/Warszawa;Wola, Warszawa Poka¿ na mapie;20;139 ;1000;3000;3100;6 990 ;7,4;1;1;1;1;1 noc, 2 doros³ych;Pokój Dwuosobowy;;;;"https://www.booking.com/hotel/pl/premiereclassewarszawa.pl.html?aid=376384&label=bdot-B_AMmyp_WLH_Av2PkrGHrgS411092421008%3Apl%3Ata%3Ap1%3Ap22.562.000%3Aac%3Aap%3Aneg%3Afi%3Atikwd-334108349%3Alp9067401%3Ali%3Adec%3Adm%3Appccp%3DUmFuZG9tSVYkc2RlIyh9Yf5EcukO1MOGv2VrE6ywbUM&sid=e75d791f65dc3dfa90dd3a3500eeb416&all_sr_blocks=8760501_191426105_2_2_0&checkin=2020-08-30&checkout=2020-08-31&dest_id=-534433&dest_type=city&group_adults=2&group_children=0&hapos=20&highlighted_blocks=8760501_191426105_2_2_0&hpos=20&no_rooms=1&sr_order=popularity&sr_pri_blocks=8760501_191426105_2_2_0__13900&srepoch=1588862981&srpvid=ae8768423e0f00b7&ucfs=1&from=searchresults
;highlight_room=#hotelTmpl";;;;;;;;
;;;;;;;;;;;;;;;;;;;;;;;;;;
Start Hotel Aramis;Mokotów, Warszawa Poka¿ na mapie;18;110 ;5000;7200;3400;3 450 ;7,7;3;1;1;1;1 noc, 2 doros³ych;Pokój Trzyosobowy Standard Plus;;;;"https://www.booking.com/hotel/pl/warszawa_aramis.pl.html?aid=376384&label=bdot-B_AMmyp_WLH_Av2PkrGHrgS411092421008%3Apl%3Ata%3Ap1%3Ap22.562.000%3Aac%3Aap%3Aneg%3Afi%3Atikwd-334108349%3Alp9067401%3Ali%3Adec%3Adm%3Appccp%3DUmFuZG9tSVYkc2RlIyh9Yf5EcukO1MOGv2VrE6ywbUM&sid=e75d791f65dc3dfa90dd3a3500eeb416&all_sr_blocks=8704007_190217913_0_2_0&checkin=2020-08-30&checkout=2020-08-31&dest_id=-534433&dest_type=city&group_adults=2&group_children=0&hapos=21&highlighted_blocks=8704007_190217913_0_2_0&hpos=21&no_rooms=1&sr_order=popularity&sr_pri_blocks=8704007_190217913_0_2_0__11000&srepoch=1588862981&srpvid=ae8768423e0f00b7&ucfs=1&from=searchresults
;highlight_room=#hotelTmpl";;;;;;;;
;;;;;;;;;;;;;;;;;;;;;;;;;;
Arche Hotel Poloneza;Ursynów, Warszawa Poka¿ na mapie;25;170 ;8000;10700;7300;1 830 ;8,8;2;1;1;1;1 noc, 2 doros³ych;Du¿y pokój z 2 ³ó¿kami pojedynczymi;;;;"https://www.booking.com/hotel/pl/poloneza-warszawa12.pl.html?aid=376384&label=bdot-B_AMmyp_WLH_Av2PkrGHrgS411092421008%3Apl%3Ata%3Ap1%3Ap22.562.000%3Aac%3Aap%3Aneg%3Afi%3Atikwd-334108349%3Alp9067401%3Ali%3Adec%3Adm%3Appccp%3DUmFuZG9tSVYkc2RlIyh9Yf5EcukO1MOGv2VrE6ywbUM&sid=e75d791f65dc3dfa90dd3a3500eeb416&all_sr_blocks=347265502_215387757_0_2_0&checkin=2020-08-30&checkout=2020-08-31&dest_id=-534433&dest_type=city&group_adults=2&group_children=0&hapos=22&highlighted_blocks=347265502_215387757_0_2_0&hpos=22&no_rooms=1&sr_order=popularity&sr_pri_blocks=347265502_215387757_0_2_0__16999&srepoch=1588862981&srpvid=ae8768423e0f00b7&ucfs=1&from=searchresults
;highlight_room=#hotelTmpl";;;;;;;;
;;;;;;;;;;;;;;;;;;;;;;;;;;
Four Points by Sheraton Warsaw Mokotow;Mokotów, Warszawa Poka¿ na mapie;25;247 ;5000;7200;4500;1 140 ;9,3;2;1;0;0;1 noc, 2 doros³ych;Pokój typu Classic z 2 ³ó¿kami pojedynczymi i widokiem na miasto;;;;"https://www.booking.com/hotel/pl/four-points-by-sheraton-warsaw-mokotow.pl.html?aid=376384&label=bdot-B_AMmyp_WLH_Av2PkrGHrgS411092421008%3Apl%3Ata%3Ap1%3Ap22.562.000%3Aac%3Aap%3Aneg%3Afi%3Atikwd-334108349%3Alp9067401%3Ali%3Adec%3Adm%3Appccp%3DUmFuZG9tSVYkc2RlIyh9Yf5EcukO1MOGv2VrE6ywbUM&sid=e75d791f65dc3dfa90dd3a3500eeb416&all_sr_blocks=456995603_246436070_0_2_0&checkin=2020-08-30&checkout=2020-08-31&dest_id=-534433&dest_type=city&group_adults=2&group_children=0&hapos=23&highlighted_blocks=456995603_246436070_0_2_0&hpos=23&no_rooms=1&sr_order=popularity&sr_pri_blocks=456995603_246436070_0_2_0__24731&srepoch=1588862981&srpvid=ae8768423e0f00b7&ucfs=1&from=searchresults
;highlight_room=#hotelTmpl";;;;;;;;
;;;;;;;;;;;;;;;;;;;;;;;;;;
Sangate Hotel Airport;W³ochy, Warszawa Poka¿ na mapie;19;150 ;5700;7900;5300;6 494 ;7,7;2;0;1;1;1 noc, 2 doros³ych;Pokój typu Economy z 2 ³ó¿kami pojedynczymi;;;;"https://www.booking.com/hotel/pl/sangate-hotel-airport.pl.html?aid=376384&label=bdot-B_AMmyp_WLH_Av2PkrGHrgS411092421008%3Apl%3Ata%3Ap1%3Ap22.562.000%3Aac%3Aap%3Aneg%3Afi%3Atikwd-334108349%3Alp9067401%3Ali%3Adec%3Adm%3Appccp%3DUmFuZG9tSVYkc2RlIyh9Yf5EcukO1MOGv2VrE6ywbUM&sid=e75d791f65dc3dfa90dd3a3500eeb416&all_sr_blocks=8720143_173634166_0_2_0&checkin=2020-08-30&checkout=2020-08-31&dest_id=-534433&dest_type=city&group_adults=2&group_children=0&hapos=24&highlighted_blocks=8720143_173634166_0_2_0&hpos=24&no_rooms=1&sr_order=popularity&sr_pri_blocks=8720143_173634166_0_2_0__15000&srepoch=1588862981&srpvid=ae8768423e0f00b7&ucfs=1&from=searchresults
;highlight_room=#hotelTmpl";;;;;;;;
;;;;;;;;;;;;;;;;;;;;;;;;;;
OXYGEN WRONIA 45 P&O Serviced Apartments;Wola, Warszawa Poka¿ na mapie;39;279 ;1400;2500;3800;7;9,2;2;1;1;0;1 noc, 2 doros³ych;Apartament z 1 sypialni¹;;;;"https://www.booking.com/hotel/pl/oxygen-p-amp-o-serviced-apartments.pl.html?aid=376384&label=bdot-B_AMmyp_WLH_Av2PkrGHrgS411092421008%3Apl%3Ata%3Ap1%3Ap22.562.000%3Aac%3Aap%3Aneg%3Afi%3Atikwd-334108349%3Alp9067401%3Ali%3Adec%3Adm%3Appccp%3DUmFuZG9tSVYkc2RlIyh9Yf5EcukO1MOGv2VrE6ywbUM&sid=e75d791f65dc3dfa90dd3a3500eeb416&all_sr_blocks=553831201_204811739_3_2_0&checkin=2020-08-30&checkout=2020-08-31&dest_id=-534433&dest_type=city&group_adults=2&group_children=0&hapos=25&highlighted_blocks=553831201_204811739_3_2_0&hpos=25&no_rooms=1&sr_order=popularity&sr_pri_blocks=553831201_204811739_3_2_0__27903&srepoch=1588862981&srpvid=ae8768423e0f00b7&ucfs=1&from=searchresults
;highlight_room=#hotelTmpl";;;;;;;;
;;;;;;;;;;;;;;;;;;;;;;;;;;
Hotel Partner;Bia³o³êka, Warszawa Poka¿ na mapie;20;232 ;7000;5500;1100;1 101 ;8,3;2;1;1;0;1 noc, 2 doros³ych;Pokój z 2 ³ó¿kami pojedynczymi;;;;"https://www.booking.com/hotel/pl/partner.pl.html?aid=376384&label=bdot-B_AMmyp_WLH_Av2PkrGHrgS411092421008%3Apl%3Ata%3Ap1%3Ap22.562.000%3Aac%3Aap%3Aneg%3Afi%3Atikwd-334108349%3Alp9067401%3Ali%3Adec%3Adm%3Appccp%3DUmFuZG9tSVYkc2RlIyh9Yf5EcukO1MOGv2VrE6ywbUM&sid=e75d791f65dc3dfa90dd3a3500eeb416&all_sr_blocks=26188301_114194596_0_0_0&checkin=2020-08-30&checkout=2020-08-31&dest_id=-534433&dest_type=city&group_adults=2&group_children=0&hapos=26&highlighted_blocks=26188301_114194596_0_0_0&hpos=26&no_rooms=1&sr_order=popularity&sr_pri_blocks=26188301_114194596_0_0_0__23180&srepoch=1588862981&srpvid=ae8768423e0f00b7&ucfs=1&from=searchresults
;highlight_room=#hotelTmpl";;;;;;;;
Oki Doki CITY Hostel;Œródmieœcie, Warszawa Poka¿ na mapie;16;178 ;800;1300;2800;1 680 ;8,6;1;0;0;1;1 noc, 2 doros³ych;Pokój Dwuosobowy ze wspóln¹ ³azienk¹;;;;"https://www.booking.com/hotel/pl/okidokihostelwarszawa.pl.html?aid=376384&label=bdot-B_AMmyp_WLH_Av2PkrGHrgS411092421008%3Apl%3Ata%3Ap1%3Ap22.562.000%3Aac%3Aap%3Aneg%3Afi%3Atikwd-334108349%3Alp9067401%3Ali%3Adec%3Adm%3Appccp%3DUmFuZG9tSVYkc2RlIyh9Yf5EcukO1MOGv2VrE6ywbUM&sid=d26970435302b9716c151e5f7158a819&all_sr_blocks=1788313_201245388_0_2_0&checkin=2020-08-30&checkout=2020-08-31&dest_id=-534433&dest_type=city&group_adults=2&group_children=0&hapos=27&highlighted_blocks=1788313_201245388_0_2_0&hpos=2&no_rooms=1&sr_order=popularity&sr_pri_blocks=1788313_201245388_0_2_0__17824&srepoch=1588862983&srpvid=90766843dddf0006&ucfs=1&from=searchresults
;highlight_room=#hotelTmpl";;;;;;;;
;;;;;;;;;;;;;;;;;;;;;;;;;;
Platinum Residence Mokotów;Mokotów, Warszawa Poka¿ na mapie;37;270 ;4000;6900;3700;1 534 ;9,1;1;0;1;1;1 noc, 2 doros³ych;Apartament typu studio;;;;"https://www.booking.com/hotel/pl/platinum-residence-mokotow.pl.html?aid=376384&label=bdot-B_AMmyp_WLH_Av2PkrGHrgS411092421008%3Apl%3Ata%3Ap1%3Ap22.562.000%3Aac%3Aap%3Aneg%3Afi%3Atikwd-334108349%3Alp9067401%3Ali%3Adec%3Adm%3Appccp%3DUmFuZG9tSVYkc2RlIyh9Yf5EcukO1MOGv2VrE6ywbUM&sid=d26970435302b9716c151e5f7158a819&all_sr_blocks=184406901_226369720_0_2_0&checkin=2020-08-30&checkout=2020-08-31&dest_id=-534433&dest_type=city&group_adults=2&group_children=0&hapos=28&highlighted_blocks=184406901_226369720_0_2_0&hpos=3&no_rooms=1&sr_order=popularity&sr_pri_blocks=184406901_226369720_0_2_0__26999&srepoch=1588862983&srpvid=90766843dddf0006&ucfs=1&from=searchresults
;highlight_room=#hotelTmpl";;;;;;;;
;;;;;;;;;;;;;;;;;;;;;;;;;;
Hotel Gromada Warszawa Centrum;Œródmieœcie, Warszawa Poka¿ na mapie;15;200 ;700;1500;2400;5 369 ;7,9;1;0;1;1;1 noc, 2 doros³ych;Pokój dwuosobowy typu Standard;;;;"https://www.booking.com/hotel/pl/gromadawawcentrum.pl.html?aid=376384&label=bdot-B_AMmyp_WLH_Av2PkrGHrgS411092421008%3Apl%3Ata%3Ap1%3Ap22.562.000%3Aac%3Aap%3Aneg%3Afi%3Atikwd-334108349%3Alp9067401%3Ali%3Adec%3Adm%3Appccp%3DUmFuZG9tSVYkc2RlIyh9Yf5EcukO1MOGv2VrE6ywbUM&sid=d26970435302b9716c151e5f7158a819&all_sr_blocks=8718618_145438776_0_2_0&checkin=2020-08-30&checkout=2020-08-31&dest_id=-534433&dest_type=city&group_adults=2&group_children=0&hapos=29&highlighted_blocks=8718618_145438776_0_2_0&hpos=4&no_rooms=1&sr_order=popularity&sr_pri_blocks=8718618_145438776_0_2_0__19999&srepoch=1588862983&srpvid=90766843dddf0006&ucfs=1&from=searchresults
;highlight_room=#hotelTmpl";;;;;;;;
;;;;;;;;;;;;;;;;;;;;;;;;;;
Warsaw Apartments - Apartamenty Wilanów;Wilanów, Warszawa Poka¿ na mapie;30;119 ;9000;11000;7700;923;8,3;1;1;1;0;1 noc, 2 doros³ych;Apartament z ³ó¿kiem podwójnym;;;;"https://www.booking.com/hotel/pl/warsaw-apartments-apartamenty-wilanow.pl.html?aid=376384&label=bdot-B_AMmyp_WLH_Av2PkrGHrgS411092421008%3Apl%3Ata%3Ap1%3Ap22.562.000%3Aac%3Aap%3Aneg%3Afi%3Atikwd-334108349%3Alp9067401%3Ali%3Adec%3Adm%3Appccp%3DUmFuZG9tSVYkc2RlIyh9Yf5EcukO1MOGv2VrE6ywbUM&sid=d26970435302b9716c151e5f7158a819&all_sr_blocks=40696507_241965215_0_0_0&checkin=2020-08-30&checkout=2020-08-31&dest_id=-534433&dest_type=city&group_adults=2&group_children=0&hapos=30&highlighted_blocks=40696507_241965215_0_0_0&hpos=5&no_rooms=1&sr_order=popularity&sr_pri_blocks=40696507_241965215_0_0_0__11899&srepoch=1588862983&srpvid=90766843dddf0006&ucfs=1&from=searchresults
;highlight_room=#hotelTmpl";;;;;;;;
;;;;;;;;;;;;;;;;;;;;;;;;;;
Motel One Warsaw-Chopin;Œródmieœcie, Warszawa Poka¿ na mapie;30;299 ;1000;1300;2400;2 045 ;9,1;1;1;1;1;1 noc, 2 doros³ych;Pokój typu Standard z ³ó¿kiem typu king-size;;;;"https://www.booking.com/hotel/pl/motel-one-warschau-chopin.pl.html?aid=376384&label=bdot-B_AMmyp_WLH_Av2PkrGHrgS411092421008%3Apl%3Ata%3Ap1%3Ap22.562.000%3Aac%3Aap%3Aneg%3Afi%3Atikwd-334108349%3Alp9067401%3Ali%3Adec%3Adm%3Appccp%3DUmFuZG9tSVYkc2RlIyh9Yf5EcukO1MOGv2VrE6ywbUM&sid=d26970435302b9716c151e5f7158a819&all_sr_blocks=502849302_177611237_2_2_0&checkin=2020-08-30&checkout=2020-08-31&dest_id=-534433&dest_type=city&group_adults=2&group_children=0&hapos=31&highlighted_blocks=502849302_177611237_2_2_0&hpos=6&no_rooms=1&sr_order=popularity&sr_pri_blocks=502849302_177611237_2_2_0__29900&srepoch=1588862983&srpvid=90766843dddf0006&ucfs=1&from=searchresults
;highlight_room=#hotelTmpl";;;;;;;;
;;;;;;;;;;;;;;;;;;;;;;;;;;
Hostel Wise³ka;Praga Po³udnie, Warszawa Poka¿ na mapie;17;140 ;3000;3800;2000;588;7;2;1;0;0;1 noc, 2 doros³ych;Pokój Dwuosobowy z 1 lub 2 ³ó¿kami;;;;"https://www.booking.com/hotel/pl/hostel-wiselka.pl.html?aid=376384&label=bdot-B_AMmyp_WLH_Av2PkrGHrgS411092421008%3Apl%3Ata%3Ap1%3Ap22.562.000%3Aac%3Aap%3Aneg%3Afi%3Atikwd-334108349%3Alp9067401%3Ali%3Adec%3Adm%3Appccp%3DUmFuZG9tSVYkc2RlIyh9Yf5EcukO1MOGv2VrE6ywbUM&sid=d26970435302b9716c151e5f7158a819&all_sr_blocks=29411401_190243077_0_2_0&checkin=2020-08-30&checkout=2020-08-31&dest_id=-534433&dest_type=city&group_adults=2&group_children=0&hapos=32&highlighted_blocks=29411401_190243077_0_2_0&hpos=7&no_rooms=1&sr_order=popularity&sr_pri_blocks=29411401_190243077_0_2_0__14000&srepoch=1588862983&srpvid=90766843dddf0006&ucfs=1&from=searchresults
;highlight_room=#hotelTmpl";;;;;;;;
;;;;;;;;;;;;;;;;;;;;;;;;;;
;;;;;;;;;;;;;;;;;;;;;;;;;;
Kazou Residence;Wola, Warszawa Poka¿ na mapie;30;279 ;3000;2700;5800;1 458 ;8,7;1;1;1;1;1 noc, 2 doros³ych;Studio typu Superior;;;;"https://www.booking.com/hotel/pl/kazou-residence-warsaw.pl.html?aid=376384&label=bdot-B_AMmyp_WLH_Av2PkrGHrgS411092421008%3Apl%3Ata%3Ap1%3Ap22.562.000%3Aac%3Aap%3Aneg%3Afi%3Atikwd-334108349%3Alp9067401%3Ali%3Adec%3Adm%3Appccp%3DUmFuZG9tSVYkc2RlIyh9Yf5EcukO1MOGv2VrE6ywbUM&sid=d26970435302b9716c151e5f7158a819&all_sr_blocks=133960402_155306755_0_0_0&checkin=2020-08-30&checkout=2020-08-31&dest_id=-534433&dest_type=city&group_adults=2&group_children=0&hapos=34&highlighted_blocks=133960402_155306755_0_0_0&hpos=9&no_rooms=1&sr_order=popularity&sr_pri_blocks=133960402_155306755_0_0_0__27900&srepoch=1588862983&srpvid=90766843dddf0006&ucfs=1&from=searchresults
;highlight_room=#hotelTmpl";;;;;;;;
;;;;;;;;;;;;;;;;;;;;;;;;;;
Hotel Maria;Wola, Warszawa Poka¿ na mapie;24;280 ;3000;2300;5300;771;7,9;1;1;1;0;1 noc, 2 doros³ych;Pokój Dwuosobowy;;;;"https://www.booking.com/hotel/pl/mariawarszawa.pl.html?aid=376384&label=bdot-B_AMmyp_WLH_Av2PkrGHrgS411092421008%3Apl%3Ata%3Ap1%3Ap22.562.000%3Aac%3Aap%3Aneg%3Afi%3Atikwd-334108349%3Alp9067401%3Ali%3Adec%3Adm%3Appccp%3DUmFuZG9tSVYkc2RlIyh9Yf5EcukO1MOGv2VrE6ywbUM&sid=d26970435302b9716c151e5f7158a819&all_sr_blocks=1266205_240909680_0_2_0&checkin=2020-08-30&checkout=2020-08-31&dest_id=-534433&dest_type=city&group_adults=2&group_children=0&hapos=35&highlighted_blocks=1266205_240909680_0_2_0&hpos=10&no_rooms=1&sr_order=popularity&sr_pri_blocks=1266205_240909680_0_2_0__28000&srepoch=1588862983&srpvid=90766843dddf0006&ucfs=1&from=searchresults
;highlight_room=#hotelTmpl";;;;;;;;
;;;;;;;;;;;;;;;;;;;;;;;;;;
Warsaw-Apartments Apartamenty Sadyba;Mokotów, Warszawa Poka¿ na mapie;34;259 ;7000;8300;4800;695;8,4;2;1;1;0;1 noc, 2 doros³ych;Apartament z 2 ³ó¿kami pojedynczymi;;;;"https://www.booking.com/hotel/pl/warsaw-apartments-sadyba-wilana3w.pl.html?aid=376384&label=bdot-B_AMmyp_WLH_Av2PkrGHrgS411092421008%3Apl%3Ata%3Ap1%3Ap22.562.000%3Aac%3Aap%3Aneg%3Afi%3Atikwd-334108349%3Alp9067401%3Ali%3Adec%3Adm%3Appccp%3DUmFuZG9tSVYkc2RlIyh9Yf5EcukO1MOGv2VrE6ywbUM&sid=d26970435302b9716c151e5f7158a819&all_sr_blocks=36567102_247675709_0_2_0&checkin=2020-08-30&checkout=2020-08-31&dest_id=-534433&dest_type=city&group_adults=2&group_children=0&hapos=36&highlighted_blocks=36567102_247675709_0_2_0&hpos=11&no_rooms=1&sr_order=popularity&sr_pri_blocks=36567102_247675709_0_2_0__25900&srepoch=1588862983&srpvid=90766843dddf0006&ucfs=1&from=searchresults
;highlight_room=#hotelTmpl";;;;;;;;
;;;;;;;;;;;;;;;;;;;;;;;;;;
Leonardo Royal Hotel Warsaw;Wola, Warszawa Poka¿ na mapie;23;258 ;1000;2300;3500;4 244 ;8,7;1;1;1;1;1 noc, 2 doros³ych;Pokój Dwuosobowy typu Comfort z 1 lub 2 ³ó¿kami;;;;"https://www.booking.com/hotel/pl/leonardo-royal-hotel-warszawa.pl.html?aid=376384&label=bdot-B_AMmyp_WLH_Av2PkrGHrgS411092421008%3Apl%3Ata%3Ap1%3Ap22.562.000%3Aac%3Aap%3Aneg%3Afi%3Atikwd-334108349%3Alp9067401%3Ali%3Adec%3Adm%3Appccp%3DUmFuZG9tSVYkc2RlIyh9Yf5EcukO1MOGv2VrE6ywbUM&sid=d26970435302b9716c151e5f7158a819&all_sr_blocks=44095914_245821491_0_2_0&checkin=2020-08-30&checkout=2020-08-31&dest_id=-534433&dest_type=city&group_adults=2&group_children=0&hapos=37&highlighted_blocks=44095914_245821491_0_2_0&hpos=12&no_rooms=1&sr_order=popularity&sr_pri_blocks=44095914_245821491_0_2_0__25800&srepoch=1588862983&srpvid=90766843dddf0006&ucfs=1&from=searchresults
;highlight_room=#hotelTmpl";;;;;;;;
;;;;;;;;;;;;;;;;;;;;;;;;;;
Westfield Arkadia P&O Serviced Apartments;Œródmieœcie, Warszawa Poka¿ na mapie;45;295 ;3000;1900;5300;589;7;3;1;1;0;1 noc, 2 doros³ych;Apartament (6 osób doros³ych) – ul. S³omiñskiego 7;;;;"https://www.booking.com/hotel/pl/poapartmentswarszawa.pl.html?aid=376384&label=bdot-B_AMmyp_WLH_Av2PkrGHrgS411092421008%3Apl%3Ata%3Ap1%3Ap22.562.000%3Aac%3Aap%3Aneg%3Afi%3Atikwd-334108349%3Alp9067401%3Ali%3Adec%3Adm%3Appccp%3DUmFuZG9tSVYkc2RlIyh9Yf5EcukO1MOGv2VrE6ywbUM&sid=d26970435302b9716c151e5f7158a819&all_sr_blocks=1927910_179825451_2_2_0&checkin=2020-08-30&checkout=2020-08-31&dest_id=-534433&dest_type=city&group_adults=2&group_children=0&hapos=38&highlighted_blocks=1927910_179825451_2_2_0&hpos=13&no_rooms=1&sr_order=popularity&sr_pri_blocks=1927910_179825451_2_2_0__29456&srepoch=1588862983&srpvid=90766843dddf0006&ucfs=1&from=searchresults
;highlight_room=#hotelTmpl";;;;;;;;
;;;;;;;;;;;;;;;;;;;;;;;;;;
Premium Key-Apartaments Œródmieœcie;Œródmieœcie, Warszawa Poka¿ na mapie;23;219 ;650;1700;2800;213;7,3;1;0;1;0;1 noc, 2 doros³ych;Pokój Dwuosobowy typu Budget;;;;"https://www.booking.com/hotel/pl/premium-key-apartaments-srodmiescie.pl.html?aid=376384&label=bdot-B_AMmyp_WLH_Av2PkrGHrgS411092421008%3Apl%3Ata%3Ap1%3Ap22.562.000%3Aac%3Aap%3Aneg%3Afi%3Atikwd-334108349%3Alp9067401%3Ali%3Adec%3Adm%3Appccp%3DUmFuZG9tSVYkc2RlIyh9Yf5EcukO1MOGv2VrE6ywbUM&sid=d26970435302b9716c151e5f7158a819&all_sr_blocks=127609902_184465465_0_0_0&checkin=2020-08-30&checkout=2020-08-31&dest_id=-534433&dest_type=city&group_adults=2&group_children=0&hapos=39&highlighted_blocks=127609902_184465465_0_0_0&hpos=14&no_rooms=1&sr_order=popularity&sr_pri_blocks=127609902_184465465_0_0_0__21900&srepoch=1588862983&srpvid=90766843dddf0006&ucfs=1&from=searchresults
;highlight_room=#hotelTmpl";;;;;;;;
;;;;;;;;;;;;;;;;;;;;;;;;;;
NWW Apartamenty;Œródmieœcie, Warszawa Poka¿ na mapie;38;180 ;400;1800;2200;2 812 ;8;3;1;1;0;1 noc, 2 doros³ych;Apartament z balkonem;;;;"https://www.booking.com/hotel/pl/apartament-na-chmielnej.pl.html?aid=376384&label=bdot-B_AMmyp_WLH_Av2PkrGHrgS411092421008%3Apl%3Ata%3Ap1%3Ap22.562.000%3Aac%3Aap%3Aneg%3Afi%3Atikwd-334108349%3Alp9067401%3Ali%3Adec%3Adm%3Appccp%3DUmFuZG9tSVYkc2RlIyh9Yf5EcukO1MOGv2VrE6ywbUM&sid=d26970435302b9716c151e5f7158a819&all_sr_blocks=67541138_239894516_2_0_0&checkin=2020-08-30&checkout=2020-08-31&dest_id=-534433&dest_type=city&group_adults=2&group_children=0&hapos=40&highlighted_blocks=67541138_239894516_2_0_0&hpos=15&no_rooms=1&sr_order=popularity&sr_pri_blocks=67541138_239894516_2_0_0__18000&srepoch=1588862983&srpvid=90766843dddf0006&ucfs=1&from=searchresults
;highlight_room=#hotelTmpl";;;;;;;;
;;;;;;;;;;;;;;;;;;;;;;;;;;
Best Western Hotel Poleczki;Ursynów, Warszawa Poka¿ na mapie;30;160 ;8000;10200;6800;1 134 ;8,2;2;1;1;0;1 noc, 2 doros³ych;Pokój z 2 ³ó¿kami pojedynczymi – dla niepal¹cych;;;;"https://www.booking.com/hotel/pl/best-western-poleczki.pl.html?aid=376384&label=bdot-B_AMmyp_WLH_Av2PkrGHrgS411092421008%3Apl%3Ata%3Ap1%3Ap22.562.000%3Aac%3Aap%3Aneg%3Afi%3Atikwd-334108349%3Alp9067401%3Ali%3Adec%3Adm%3Appccp%3DUmFuZG9tSVYkc2RlIyh9Yf5EcukO1MOGv2VrE6ywbUM&sid=d26970435302b9716c151e5f7158a819&all_sr_blocks=44201307_244327193_2_2_0&checkin=2020-08-30&checkout=2020-08-31&dest_id=-534433&dest_type=city&group_adults=2&group_children=0&hapos=41&highlighted_blocks=44201307_244327193_2_2_0&hpos=16&no_rooms=1&sr_order=popularity&sr_pri_blocks=44201307_244327193_2_2_0__16000&srepoch=1588862983&srpvid=90766843dddf0006&ucfs=1&from=searchresults
;highlight_room=#hotelTmpl";;;;;;;;
;;;;;;;;;;;;;;;;;;;;;;;;;;
Hotel Warszawa;Œródmieœcie, Warszawa Poka¿ na mapie;37;792 ;750;1400;2600;1 376 ;9,1;2;0;1;1;1 noc, 2 doros³ych;Pokój z 2 ³ó¿kami pojedynczymi;;;;"https://www.booking.com/hotel/pl/warszawa-warszawa12.pl.html?aid=376384&label=bdot-B_AMmyp_WLH_Av2PkrGHrgS411092421008%3Apl%3Ata%3Ap1%3Ap22.562.000%3Aac%3Aap%3Aneg%3Afi%3Atikwd-334108349%3Alp9067401%3Ali%3Adec%3Adm%3Appccp%3DUmFuZG9tSVYkc2RlIyh9Yf5EcukO1MOGv2VrE6ywbUM&sid=d26970435302b9716c151e5f7158a819&all_sr_blocks=340095107_242072052_0_2_0&checkin=2020-08-30&checkout=2020-08-31&dest_id=-534433&dest_type=city&group_adults=2&group_children=0&hapos=42&highlighted_blocks=340095107_242072052_0_2_0&hpos=17&no_rooms=1&sr_order=popularity&sr_pri_blocks=340095107_242072052_0_2_0__79199&srepoch=1588862983&srpvid=90766843dddf0006&ucfs=1&from=searchresults
;highlight_room=#hotelTmpl";;;;;;;;
;;;;;;;;;;;;;;;;;;;;;;;;;;
Mint Rooms;Wola, Warszawa Poka¿ na mapie;43;230 ;1000;2300;3400;1 687 ;8,7;2;0;1;1;1 noc, 2 doros³ych;Apartament typu studio;;;;"https://www.booking.com/hotel/pl/mint-rooms-apartment.pl.html?aid=376384&label=bdot-B_AMmyp_WLH_Av2PkrGHrgS411092421008%3Apl%3Ata%3Ap1%3Ap22.562.000%3Aac%3Aap%3Aneg%3Afi%3Atikwd-334108349%3Alp9067401%3Ali%3Adec%3Adm%3Appccp%3DUmFuZG9tSVYkc2RlIyh9Yf5EcukO1MOGv2VrE6ywbUM&sid=d26970435302b9716c151e5f7158a819&all_sr_blocks=142128403_242417186_2_2_0&checkin=2020-08-30&checkout=2020-08-31&dest_id=-534433&dest_type=city&group_adults=2&group_children=0&hapos=43&highlighted_blocks=142128403_242417186_2_2_0&hpos=18&no_rooms=1&sr_order=popularity&sr_pri_blocks=142128403_242417186_2_2_0__23000&srepoch=1588862983&srpvid=90766843dddf0006&ucfs=1&from=searchresults
;highlight_room=#hotelTmpl";;;;;;;;
;;;;;;;;;;;;;;;;;;;;;;;;;;
Vienna House Mokotow Warsaw;Mokotów, Warszawa Poka¿ na mapie;24;292 ;6000;8300;5300;1 283 ;9,2;"2 ³ó¿ka
(2 pojedyncze)";0;1;1;1 noc, 2 doros³ych;Pokój dwuosobowy typu Standard;;;;"https://www.booking.com/hotel/pl/vienna-house-mokotow-warsaw.pl.html?aid=376384&label=bdot-B_AMmyp_WLH_Av2PkrGHrgS411092421008%3Apl%3Ata%3Ap1%3Ap22.562.000%3Aac%3Aap%3Aneg%3Afi%3Atikwd-334108349%3Alp9067401%3Ali%3Adec%3Adm%3Appccp%3DUmFuZG9tSVYkc2RlIyh9Yf5EcukO1MOGv2VrE6ywbUM&sid=d26970435302b9716c151e5f7158a819&all_sr_blocks=342280002_182243640_2_2_0&checkin=2020-08-30&checkout=2020-08-31&dest_id=-534433&dest_type=city&group_adults=2&group_children=0&hapos=44&highlighted_blocks=342280002_182243640_2_2_0&hpos=19&no_rooms=1&sr_order=popularity&sr_pri_blocks=342280002_182243640_2_2_0__29200&srepoch=1588862983&srpvid=90766843dddf0006&ucfs=1&from=searchresults
;highlight_room=#hotelTmpl";;;;;;;;
;;;;;;;;;;;;;;;;;;;;;;;;;;
Media Park;Praga Po³udnie, Warszawa Poka¿ na mapie;37;189 ;7000;6900;6300;905;8,6;2;1;1;0;1 noc, 2 doros³ych;Apartament typu studio;;;;"https://www.booking.com/hotel/pl/media-park.pl.html?aid=376384&label=bdot-B_AMmyp_WLH_Av2PkrGHrgS411092421008%3Apl%3Ata%3Ap1%3Ap22.562.000%3Aac%3Aap%3Aneg%3Afi%3Atikwd-334108349%3Alp9067401%3Ali%3Adec%3Adm%3Appccp%3DUmFuZG9tSVYkc2RlIyh9Yf5EcukO1MOGv2VrE6ywbUM&sid=d26970435302b9716c151e5f7158a819&all_sr_blocks=197718101_200999257_2_2_0&checkin=2020-08-30&checkout=2020-08-31&dest_id=-534433&dest_type=city&group_adults=2&group_children=0&hapos=45&highlighted_blocks=197718101_200999257_2_2_0&hpos=20&no_rooms=1&sr_order=popularity&sr_pri_blocks=197718101_200999257_2_2_0__18900&srepoch=1588862983&srpvid=90766843dddf0006&ucfs=1&from=searchresults
;highlight_room=#hotelTmpl";;;;;;;;
;;;;;;;;;;;;;;;;;;;;;;;;;;
DoubleTree by Hilton Hotel & Conference Centre Warsaw;Wawer, Warszawa Poka¿ na mapie;28;258 ;10000;11100;8300;3 438 ;9;2;0;1;1;1 noc, 2 doros³ych;Pokój z 2 ³ó¿kami pojedynczymi;;;;"https://www.booking.com/hotel/pl/doubletree-centre-warsaw.pl.html?aid=376384&label=bdot-B_AMmyp_WLH_Av2PkrGHrgS411092421008%3Apl%3Ata%3Ap1%3Ap22.562.000%3Aac%3Aap%3Aneg%3Afi%3Atikwd-334108349%3Alp9067401%3Ali%3Adec%3Adm%3Appccp%3DUmFuZG9tSVYkc2RlIyh9Yf5EcukO1MOGv2VrE6ywbUM&sid=d26970435302b9716c151e5f7158a819&all_sr_blocks=103007204_128730007_2_2_0&checkin=2020-08-30&checkout=2020-08-31&dest_id=-534433&dest_type=city&group_adults=2&group_children=0&hapos=46&highlighted_blocks=103007204_128730007_2_2_0&hpos=21&no_rooms=1&sr_order=popularity&sr_pri_blocks=103007204_128730007_2_2_0__25816&srepoch=1588862983&srpvid=90766843dddf0006&ucfs=1&from=searchresults
;highlight_room=#hotelTmpl";;;;;;;;
;;;;;;;;;;;;;;;;;;;;;;;;;;
design hostel LOFT 22;Praga Pó³noc, Warszawa Poka¿ na mapie;15;90 ;4100;1900;4900;5;9,2;4;1;0;0;1 noc, 2 doros³ych;Pokój czteroosobowy typu Standard ze wspóln¹ ³azienk¹ (12);;;;"https://www.booking.com/hotel/pl/design-hostel-loft-22.pl.html?aid=376384&label=bdot-B_AMmyp_WLH_Av2PkrGHrgS411092421008%3Apl%3Ata%3Ap1%3Ap22.562.000%3Aac%3Aap%3Aneg%3Afi%3Atikwd-334108349%3Alp9067401%3Ali%3Adec%3Adm%3Appccp%3DUmFuZG9tSVYkc2RlIyh9Yf5EcukO1MOGv2VrE6ywbUM&sid=d26970435302b9716c151e5f7158a819&all_sr_blocks=622210312_256938704_2_2_0&checkin=2020-08-30&checkout=2020-08-31&dest_id=-534433&dest_type=city&group_adults=2&group_children=0&hapos=47&highlighted_blocks=622210312_256938704_2_2_0&hpos=22&no_rooms=1&sr_order=popularity&sr_pri_blocks=622210312_256938704_2_2_0__9000&srepoch=1588862983&srpvid=90766843dddf0006&ucfs=1&from=searchresults
;highlight_room=;has_campaign_deals_getaway20_customer_label=1#hotelTmpl";;;;;;;;
;;;;;;;;;;;;;;;;;;;;;;;;;;
Triton Park Apartments;Ochota, Warszawa Poka¿ na mapie;21;200 ;4000;6200;4600;1 606 ;8,9;1;0;1;0;1 noc, 2 doros³ych;Apartament typu Economy (2 osoby doros³e);;;;"https://www.booking.com/hotel/pl/triton-park-apartments.pl.html?aid=376384&label=bdot-B_AMmyp_WLH_Av2PkrGHrgS411092421008%3Apl%3Ata%3Ap1%3Ap22.562.000%3Aac%3Aap%3Aneg%3Afi%3Atikwd-334108349%3Alp9067401%3Ali%3Adec%3Adm%3Appccp%3DUmFuZG9tSVYkc2RlIyh9Yf5EcukO1MOGv2VrE6ywbUM&sid=d26970435302b9716c151e5f7158a819&all_sr_blocks=35551305_239109140_0_0_0&checkin=2020-08-30&checkout=2020-08-31&dest_id=-534433&dest_type=city&group_adults=2&group_children=0&hapos=48&highlighted_blocks=35551305_239109140_0_0_0&hpos=23&no_rooms=1&sr_order=popularity&sr_pri_blocks=35551305_239109140_0_0_0__19999&srepoch=1588862983&srpvid=90766843dddf0006&ucfs=1&from=searchresults
;highlight_room=#hotelTmpl";;;;;;;;
;;;;;;;;;;;;;;;;;;;;;;;;;;
Airport Hotel Okêcie;W³ochy, Warszawa Poka¿ na mapie;25;239 ;6000;8100;5200;4 739 ;9,1;1;1;1;1;1 noc, 2 doros³ych;Pokój Dwuosobowy typu Comfort z 1 lub 2 ³ó¿kami;;;;"https://www.booking.com/hotel/pl/airporthotelwarsaw.pl.html?aid=376384&label=bdot-B_AMmyp_WLH_Av2PkrGHrgS411092421008%3Apl%3Ata%3Ap1%3Ap22.562.000%3Aac%3Aap%3Aneg%3Afi%3Atikwd-334108349%3Alp9067401%3Ali%3Adec%3Adm%3Appccp%3DUmFuZG9tSVYkc2RlIyh9Yf5EcukO1MOGv2VrE6ywbUM&sid=d26970435302b9716c151e5f7158a819&all_sr_blocks=8704302_170382331_2_2_0&checkin=2020-08-30&checkout=2020-08-31&dest_id=-534433&dest_type=city&group_adults=2&group_children=0&hapos=49&highlighted_blocks=8704302_170382331_2_2_0&hpos=24&no_rooms=1&sr_order=popularity&sr_pri_blocks=8704302_170382331_2_2_0__23899&srepoch=1588862983&srpvid=90766843dddf0006&ucfs=1&from=searchresults
;highlight_room=#hotelTmpl";;;;;;;;
;;;;;;;;;;;;;;;;;;;;;;;;;;
Best Western Hotel Felix;Praga Po³udnie, Warszawa Poka¿ na mapie;20;180 ;6000;5600;5400;2 843 ;8,3;1;1;1;1;1 noc, 2 doros³ych;Pokój typu Premium z ³ó¿kiem typu king-size;;;;"https://www.booking.com/hotel/pl/warsaw_felix.pl.html?aid=376384&label=bdot-B_AMmyp_WLH_Av2PkrGHrgS411092421008%3Apl%3Ata%3Ap1%3Ap22.562.000%3Aac%3Aap%3Aneg%3Afi%3Atikwd-334108349%3Alp9067401%3Ali%3Adec%3Adm%3Appccp%3DUmFuZG9tSVYkc2RlIyh9Yf5EcukO1MOGv2VrE6ywbUM&sid=d26970435302b9716c151e5f7158a819&all_sr_blocks=8702616_119411576_2_2_0&checkin=2020-08-30&checkout=2020-08-31&dest_id=-534433&dest_type=city&group_adults=2&group_children=0&hapos=50&highlighted_blocks=8702616_119411576_2_2_0&hpos=25&no_rooms=1&sr_order=popularity&sr_pri_blocks=8702616_119411576_2_2_0__18000&srepoch=1588862983&srpvid=90766843dddf0006&ucfs=1&from=searchresults
;highlight_room=#hotelTmpl";;;;;;;;
;;;;;;;;;;;;;;;;;;;;;;;;;;
Golden Tulip Warsaw Centre;Wola, Warszawa Poka¿ na mapie;23;220 ;1000;3000;3100;3 034 ;7,7;2;1;1;1;1 noc, 2 doros³ych;Pokój z 2 ³ó¿kami pojedynczymi;;;;"https://www.booking.com/hotel/pl/kyriadprestigewarsaw.pl.html?aid=376384&label=bdot-B_AMmyp_WLH_Av2PkrGHrgS411092421008%3Apl%3Ata%3Ap1%3Ap22.562.000%3Aac%3Aap%3Aneg%3Afi%3Atikwd-334108349%3Alp9067401%3Ali%3Adec%3Adm%3Appccp%3DUmFuZG9tSVYkc2RlIyh9Yf5EcukO1MOGv2VrE6ywbUM&sid=d26970435302b9716c151e5f7158a819&all_sr_blocks=8707909_204017918_2_2_0&checkin=2020-08-30&checkout=2020-08-31&dest_id=-534433&dest_type=city&group_adults=2&group_children=0&hapos=51&highlighted_blocks=8707909_204017918_2_2_0&hpos=26&no_rooms=1&sr_order=popularity&sr_pri_blocks=8707909_204017918_2_2_0__22000&srepoch=1588862983&srpvid=90766843dddf0006&ucfs=1&from=searchresults
;highlight_room=#hotelTmpl";;;;;;;;
;;;;;;;;;;;;;;;;;;;;;;;;;;
Platinum Towers Central Apartments;Wola, Warszawa Poka¿ na mapie;35;330 ;1000;2500;3600;618;8;2;0;1;1;1 noc, 2 doros³ych;Apartament typu studio;;;;"https://www.booking.com/hotel/pl/platinum-towers-central-apartments-warszawa.pl.html?aid=376384&label=bdot-B_AMmyp_WLH_Av2PkrGHrgS411092421008%3Apl%3Ata%3Ap1%3Ap22.562.000%3Aac%3Aap%3Aneg%3Afi%3Atikwd-334108349%3Alp9067401%3Ali%3Adec%3Adm%3Appccp%3DUmFuZG9tSVYkc2RlIyh9Yf5EcukO1MOGv2VrE6ywbUM&sid=d26970435302b9716c151e5f7158a819&all_sr_blocks=67983609_201335961_2_2_0&checkin=2020-08-30&checkout=2020-08-31&dest_id=-534433&dest_type=city&group_adults=2&group_children=0&hapos=52&highlighted_blocks=67983609_201335961_2_2_0&hpos=27&no_rooms=1&sr_order=popularity&sr_pri_blocks=67983609_201335961_2_2_0__32980&srepoch=1588862983&srpvid=90766843dddf0006&ucfs=1&from=searchresults
;highlight_room=#hotelTmpl";;;;;;;;
;;;;;;;;;;;;;;;;;;;;;;;;;;
Ibis Warszawa Stare Miasto;Œródmieœcie, Warszawa Poka¿ na mapie;18;190 ;2000;1300;4800;5 323 ;8,3;1;0;1;1;1 noc, 2 doros³ych;Pokój typu Standard z 1 ³ó¿kiem podwójnym;;;;"https://www.booking.com/hotel/pl/ibiswarszawastaremiasto.pl.html?aid=376384&label=bdot-B_AMmyp_WLH_Av2PkrGHrgS411092421008%3Apl%3Ata%3Ap1%3Ap22.562.000%3Aac%3Aap%3Aneg%3Afi%3Atikwd-334108349%3Alp9067401%3Ali%3Adec%3Adm%3Appccp%3DUmFuZG9tSVYkc2RlIyh9Yf5EcukO1MOGv2VrE6ywbUM&sid=98fa5d644f8e002bf3d45e3306afaaad&all_sr_blocks=1862604_246111655_2_2_0&checkin=2020-08-30&checkout=2020-08-31&dest_id=-534433&dest_type=city&group_adults=2&group_children=0&hapos=51&highlighted_blocks=1862604_246111655_2_2_0&hpos=1&no_rooms=1&sr_order=popularity&sr_pri_blocks=1862604_246111655_2_2_0__19000&srepoch=1588862985&srpvid=71f86844678e00be&ucfs=1&from=searchresults
;highlight_room=#hotelTmpl";;;;;;;;
;;;;;;;;;;;;;;;;;;;;;;;;;;
Leonardo Royal Hotel Warsaw;Wola, Warszawa Poka¿ na mapie;;258 ;1000;2200;3400;4 244 ;8,7;23;1;1;1;1 noc, 2 doros³ych;;;;;"https://www.booking.com/hotel/pl/leonardo-royal-hotel-warszawa.pl.html?aid=376384&label=bdot-B_AMmyp_WLH_Av2PkrGHrgS411092421008%3Apl%3Ata%3Ap1%3Ap22.562.000%3Aac%3Aap%3Aneg%3Afi%3Atikwd-334108349%3Alp9067401%3Ali%3Adec%3Adm%3Appccp%3DUmFuZG9tSVYkc2RlIyh9Yf5EcukO1MOGv2VrE6ywbUM&sid=98fa5d644f8e002bf3d45e3306afaaad&all_sr_blocks=44095914_245821491_0_2_0&checkin=2020-08-30&checkout=2020-08-31&dest_id=-534433&dest_type=city&group_adults=2&group_children=0&hapos=52&highlighted_blocks=44095914_245821491_0_2_0&hpos=2&no_rooms=1&sr_order=popularity&sr_pri_blocks=44095914_245821491_0_2_0__25800&srepoch=1588862985&srpvid=71f86844678e00be&ucfs=1&from=searchresults
;highlight_room=#hotelTmpl";;;;;;;;
;;;;;;;;;;;;;;;;;;;;;;;;;;
Hotel Reytan;Mokotów, Warszawa Poka¿ na mapie;;240 ;2000;4400;1300;2 626 ;8,8;15;0;1;0;1 noc, 2 doros³ych;Pokój z 2 ³ó¿kami pojedynczymi;;;;"https://www.booking.com/hotel/pl/hotelreytanwarsaw.pl.html?aid=376384&label=bdot-B_AMmyp_WLH_Av2PkrGHrgS411092421008%3Apl%3Ata%3Ap1%3Ap22.562.000%3Aac%3Aap%3Aneg%3Afi%3Atikwd-334108349%3Alp9067401%3Ali%3Adec%3Adm%3Appccp%3DUmFuZG9tSVYkc2RlIyh9Yf5EcukO1MOGv2VrE6ywbUM&sid=98fa5d644f8e002bf3d45e3306afaaad&all_sr_blocks=8709702_199595360_0_2_0&checkin=2020-08-30&checkout=2020-08-31&dest_id=-534433&dest_type=city&group_adults=2&group_children=0&hapos=53&highlighted_blocks=8709702_199595360_0_2_0&hpos=3&no_rooms=1&sr_order=popularity&sr_pri_blocks=8709702_199595360_0_2_0__23999&srepoch=1588862985&srpvid=71f86844678e00be&ucfs=1&from=searchresults
;highlight_room=#hotelTmpl";;;;;;;;
;;;;;;;;;;;;;;;;;;;;;;;;;;
Hostel Wise³ka;Praga Po³udnie, Warszawa Poka¿ na mapie;;140 ;3600;3800;1700;588;7;17;1;1;0;1 noc, 2 doros³ych;Pokój Dwuosobowy z 1 lub 2 ³ó¿kami;;;;"https://www.booking.com/hotel/pl/hostel-wiselka.pl.html?aid=376384&label=bdot-B_AMmyp_WLH_Av2PkrGHrgS411092421008%3Apl%3Ata%3Ap1%3Ap22.562.000%3Aac%3Aap%3Aneg%3Afi%3Atikwd-334108349%3Alp9067401%3Ali%3Adec%3Adm%3Appccp%3DUmFuZG9tSVYkc2RlIyh9Yf5EcukO1MOGv2VrE6ywbUM&sid=98fa5d644f8e002bf3d45e3306afaaad&all_sr_blocks=29411401_190243077_0_2_0&checkin=2020-08-30&checkout=2020-08-31&dest_id=-534433&dest_type=city&group_adults=2&group_children=0&hapos=54&highlighted_blocks=29411401_190243077_0_2_0&hpos=4&no_rooms=1&sr_order=popularity&sr_pri_blocks=29411401_190243077_0_2_0__14000&srepoch=1588862985&srpvid=71f86844678e00be&ucfs=1&from=searchresults
;highlight_room=#hotelTmpl";;;;;;;;
;;;;;;;;;;;;;;;;;;;;;;;;;;
West Hotel;W³ochy, Warszawa Poka¿ na mapie;;119 ;5000;7000;7000;804;7,5;20;1;1;0;1 noc, 2 doros³ych;Pokój dwuosobowy z prywatn¹ ³azienk¹;;;;"https://www.booking.com/hotel/pl/montemarco.pl.html?aid=376384&label=bdot-B_AMmyp_WLH_Av2PkrGHrgS411092421008%3Apl%3Ata%3Ap1%3Ap22.562.000%3Aac%3Aap%3Aneg%3Afi%3Atikwd-334108349%3Alp9067401%3Ali%3Adec%3Adm%3Appccp%3DUmFuZG9tSVYkc2RlIyh9Yf5EcukO1MOGv2VrE6ywbUM&sid=98fa5d644f8e002bf3d45e3306afaaad&all_sr_blocks=44147601_256667066_0_2_0&checkin=2020-08-30&checkout=2020-08-31&dest_id=-534433&dest_type=city&group_adults=2&group_children=0&hapos=55&highlighted_blocks=44147601_256667066_0_2_0&hpos=5&no_rooms=1&sr_order=popularity&sr_pri_blocks=44147601_256667066_0_2_0__11899&srepoch=1588862985&srpvid=71f86844678e00be&ucfs=1&from=searchresults
;highlight_room=#hotelTmpl";;;;;;;;
;;;;;;;;;;;;;;;;;;;;;;;;;;
Golden Tulip Warsaw Airport;W³ochy, Warszawa Poka¿ na mapie;;230 ;5000;6700;5800;1 788 ;9;23;1;1;1;1 noc, 2 doros³ych;Pokój typu Superior z 2 ³ó¿kami pojedynczymi;;;;"https://www.booking.com/hotel/pl/golden-tulip-warsaw-airport.pl.html?aid=376384&label=bdot-B_AMmyp_WLH_Av2PkrGHrgS411092421008%3Apl%3Ata%3Ap1%3Ap22.562.000%3Aac%3Aap%3Aneg%3Afi%3Atikwd-334108349%3Alp9067401%3Ali%3Adec%3Adm%3Appccp%3DUmFuZG9tSVYkc2RlIyh9Yf5EcukO1MOGv2VrE6ywbUM&sid=98fa5d644f8e002bf3d45e3306afaaad&all_sr_blocks=243650407_195317653_2_2_0&checkin=2020-08-30&checkout=2020-08-31&dest_id=-534433&dest_type=city&group_adults=2&group_children=0&hapos=56&highlighted_blocks=243650407_195317653_2_2_0&hpos=6&no_rooms=1&sr_order=popularity&sr_pri_blocks=243650407_195317653_2_2_0__23000&srepoch=1588862985&srpvid=71f86844678e00be&ucfs=1&from=searchresults
;highlight_room=#hotelTmpl";;;;;;;;
;;;;;;;;;;;;;;;;;;;;;;;;;;
Media Park;Praga Po³udnie, Warszawa Poka¿ na mapie;;189 ;7000;;;905;8,6;"2 ³ó¿ka
(1 rozk³adana sofa, 1 du¿e podwójne)";;;;1 noc, 2 doros³ych;Apartament typu studio;;;;"https://www.booking.com/hotel/pl/media-park.pl.html?aid=376384&label=bdot-B_AMmyp_WLH_Av2PkrGHrgS411092421008%3Apl%3Ata%3Ap1%3Ap22.562.000%3Aac%3Aap%3Aneg%3Afi%3Atikwd-334108349%3Alp9067401%3Ali%3Adec%3Adm%3Appccp%3DUmFuZG9tSVYkc2RlIyh9Yf5EcukO1MOGv2VrE6ywbUM&sid=98fa5d644f8e002bf3d45e3306afaaad&all_sr_blocks=197718101_200999257_2_2_0&checkin=2020-08-30&checkout=2020-08-31&dest_id=-534433&dest_type=city&group_adults=2&group_children=0&hapos=57&highlighted_blocks=197718101_200999257_2_2_0&hpos=7&no_rooms=1&sr_order=popularity&sr_pri_blocks=197718101_200999257_2_2_0__18900&srepoch=1588862985&srpvid=71f86844678e00be&ucfs=1&from=searchresults
;highlight_room=#hotelTmpl";;;;;;;;
;;;;;;;;;;;;;;;;;;;;;;;;;;
Pirelli Apartament;Wola, Warszawa Poka¿ na mapie;;209 ;2000;;;66;6,3;"2 ³ó¿ka
(1 podwójne, 1 rozk³adana sofa)";;;;1 noc, 2 doros³ych;Apartament z wann¹ z hydromasa¿em;;;;"https://www.booking.com/hotel/pl/pirelli-apartament.pl.html?aid=376384&label=bdot-B_AMmyp_WLH_Av2PkrGHrgS411092421008%3Apl%3Ata%3Ap1%3Ap22.562.000%3Aac%3Aap%3Aneg%3Afi%3Atikwd-334108349%3Alp9067401%3Ali%3Adec%3Adm%3Appccp%3DUmFuZG9tSVYkc2RlIyh9Yf5EcukO1MOGv2VrE6ywbUM&sid=98fa5d644f8e002bf3d45e3306afaaad&all_sr_blocks=23704702_246124398_2_0_0&checkin=2020-08-30&checkout=2020-08-31&dest_id=-534433&dest_type=city&group_adults=2&group_children=0&hapos=58&highlighted_blocks=23704702_246124398_2_0_0&hpos=8&no_rooms=1&sr_order=popularity&sr_pri_blocks=23704702_246124398_2_0_0__20900&srepoch=1588862985&srpvid=71f86844678e00be&ucfs=1&from=searchresults
;highlight_room=#hotelTmpl";;;;;;;;
;;;;;;;;;;;;;;;;;;;;;;;;;;
DoubleTree by Hilton Hotel & Conference Centre Warsaw;Wawer, Warszawa Poka¿ na mapie;;258 ;10000;;;3 438 ;9;"2 ³ó¿ka
(2 pojedyncze)";;;;1 noc, 2 doros³ych;Pokój z 2 ³ó¿kami pojedynczymi;;;;"https://www.booking.com/hotel/pl/doubletree-centre-warsaw.pl.html?aid=376384&label=bdot-B_AMmyp_WLH_Av2PkrGHrgS411092421008%3Apl%3Ata%3Ap1%3Ap22.562.000%3Aac%3Aap%3Aneg%3Afi%3Atikwd-334108349%3Alp9067401%3Ali%3Adec%3Adm%3Appccp%3DUmFuZG9tSVYkc2RlIyh9Yf5EcukO1MOGv2VrE6ywbUM&sid=98fa5d644f8e002bf3d45e3306afaaad&all_sr_blocks=103007204_128730007_2_2_0&checkin=2020-08-30&checkout=2020-08-31&dest_id=-534433&dest_type=city&group_adults=2&group_children=0&hapos=59&highlighted_blocks=103007204_128730007_2_2_0&hpos=9&no_rooms=1&sr_order=popularity&sr_pri_blocks=103007204_128730007_2_2_0__25816&srepoch=1588862985&srpvid=71f86844678e00be&ucfs=1&from=searchresults
;highlight_room=#hotelTmpl";;;;;;;;
;;;;;;;;;;;;;;;;;;;;;;;;;;
ibis Styles Warszawa Centrum;Œródmieœcie, Warszawa Poka¿ na mapie;;262 ;2000;;;2 722 ;9,2;"2 ³ó¿ka
(2 pojedyncze)";;;;1 noc, 2 doros³ych;Pokój typu Standard z 2 ³ó¿kami pojedynczymi;;;;"https://www.booking.com/hotel/pl/ibis-styles-warszawa-centrum.pl.html?aid=376384&label=bdot-B_AMmyp_WLH_Av2PkrGHrgS411092421008%3Apl%3Ata%3Ap1%3Ap22.562.000%3Aac%3Aap%3Aneg%3Afi%3Atikwd-334108349%3Alp9067401%3Ali%3Adec%3Adm%3Appccp%3DUmFuZG9tSVYkc2RlIyh9Yf5EcukO1MOGv2VrE6ywbUM&sid=98fa5d644f8e002bf3d45e3306afaaad&all_sr_blocks=360612404_246116472_2_41_0&checkin=2020-08-30&checkout=2020-08-31&dest_id=-534433&dest_type=city&group_adults=2&group_children=0&hapos=60&highlighted_blocks=360612404_246116472_2_41_0&hpos=10&no_rooms=1&sr_order=popularity&sr_pri_blocks=360612404_246116472_2_41_0__26200&srepoch=1588862985&srpvid=71f86844678e00be&ucfs=1&from=searchresults
;highlight_room=#hotelTmpl";;;;;;;;
;;;;;;;;;;;;;;;;;;;;;;;;;;
Wilcza Apartments;Œródmieœcie, Warszawa Poka¿ na mapie;;150 ;;;;14;6,6;"1 ³ó¿ko
(1 du¿e podwójne)";;;;1 noc, 2 doros³ych;Apartament z prysznicem;;;;"https://www.booking.com/hotel/pl/wilcza-apartments.pl.html?aid=376384&label=bdot-B_AMmyp_WLH_Av2PkrGHrgS411092421008%3Apl%3Ata%3Ap1%3Ap22.562.000%3Aac%3Aap%3Aneg%3Afi%3Atikwd-334108349%3Alp9067401%3Ali%3Adec%3Adm%3Appccp%3DUmFuZG9tSVYkc2RlIyh9Yf5EcukO1MOGv2VrE6ywbUM&sid=98fa5d644f8e002bf3d45e3306afaaad&all_sr_blocks=615140001_240476276_2_0_0&checkin=2020-08-30&checkout=2020-08-31&dest_id=-534433&dest_type=city&group_adults=2&group_children=0&hapos=61&highlighted_blocks=615140001_240476276_2_0_0&hpos=11&no_rooms=1&sr_order=popularity&sr_pri_blocks=615140001_240476276_2_0_0__15000&srepoch=1588862985&srpvid=71f86844678e00be&ucfs=1&from=searchresults
;highlight_room=#hotelTmpl";;;;;;;;
;;;;;;;;;;;;;;;;;;;;;;;;;;
Hotel Warszawa;Œródmieœcie, Warszawa Poka¿ na mapie;;792 ;750;;;1 376 ;9,1;"2 ³ó¿ka
(2 pojedyncze)";;;;1 noc, 2 doros³ych;Pokój z 2 ³ó¿kami pojedynczymi;;;;"https://www.booking.com/hotel/pl/warszawa-warszawa12.pl.html?aid=376384&label=bdot-B_AMmyp_WLH_Av2PkrGHrgS411092421008%3Apl%3Ata%3Ap1%3Ap22.562.000%3Aac%3Aap%3Aneg%3Afi%3Atikwd-334108349%3Alp9067401%3Ali%3Adec%3Adm%3Appccp%3DUmFuZG9tSVYkc2RlIyh9Yf5EcukO1MOGv2VrE6ywbUM&sid=98fa5d644f8e002bf3d45e3306afaaad&all_sr_blocks=340095107_242072052_0_2_0&checkin=2020-08-30&checkout=2020-08-31&dest_id=-534433&dest_type=city&group_adults=2&group_children=0&hapos=62&highlighted_blocks=340095107_242072052_0_2_0&hpos=12&no_rooms=1&sr_order=popularity&sr_pri_blocks=340095107_242072052_0_2_0__79199&srepoch=1588862985&srpvid=71f86844678e00be&ucfs=1&from=searchresults
;highlight_room=#hotelTmpl";;;;;;;;
;;;;;;;;;;;;;;;;;;;;;;;;;;
H15 Boutique Hotel;Œródmieœcie, Warszawa Poka¿ na mapie;;545 ;550;;;1 020 ;9,3;"1 ³ó¿ko
(1 du¿e podwójne)";;;;1 noc, 2 doros³ych;Pokój dwuosobowy typu Standard;;;;"https://www.booking.com/hotel/pl/h15-boutique-apartments.pl.html?aid=376384&label=bdot-B_AMmyp_WLH_Av2PkrGHrgS411092421008%3Apl%3Ata%3Ap1%3Ap22.562.000%3Aac%3Aap%3Aneg%3Afi%3Atikwd-334108349%3Alp9067401%3Ali%3Adec%3Adm%3Appccp%3DUmFuZG9tSVYkc2RlIyh9Yf5EcukO1MOGv2VrE6ywbUM&sid=98fa5d644f8e002bf3d45e3306afaaad&all_sr_blocks=39739907_236006162_0_2_0&checkin=2020-08-30&checkout=2020-08-31&dest_id=-534433&dest_type=city&group_adults=2&group_children=0&hapos=63&highlighted_blocks=39739907_236006162_0_2_0&hpos=13&no_rooms=1&sr_order=popularity&sr_pri_blocks=39739907_236006162_0_2_0__54500&srepoch=1588862985&srpvid=71f86844678e00be&ucfs=1&from=searchresults
;highlight_room=#hotelTmpl";;;;;;;;
;;;;;;;;;;;;;;;;;;;;;;;;;;
£ucka Residence;Wola, Warszawa Poka¿ na mapie;;150 ;1000;;;1 229 ;7;"2 ³ó¿ka
(1 rozk³adana sofa, 1 du¿e podwójne)";;;;1 noc, 2 doros³ych;Apartament z Widokiem na Miasto;;;;"https://www.booking.com/hotel/pl/aucka-residence.pl.html?aid=376384&label=bdot-B_AMmyp_WLH_Av2PkrGHrgS411092421008%3Apl%3Ata%3Ap1%3Ap22.562.000%3Aac%3Aap%3Aneg%3Afi%3Atikwd-334108349%3Alp9067401%3Ali%3Adec%3Adm%3Appccp%3DUmFuZG9tSVYkc2RlIyh9Yf5EcukO1MOGv2VrE6ywbUM&sid=98fa5d644f8e002bf3d45e3306afaaad&all_sr_blocks=36074609_195218149_0_0_0&checkin=2020-08-30&checkout=2020-08-31&dest_id=-534433&dest_type=city&group_adults=2&group_children=0&hapos=64&highlighted_blocks=36074609_195218149_0_0_0&hpos=14&no_rooms=1&sr_order=popularity&sr_pri_blocks=36074609_195218149_0_0_0__15000&srepoch=1588862985&srpvid=71f86844678e00be&ucfs=1&from=searchresults
;highlight_room=#hotelTmpl";;;;;;;;
;;;;;;;;;;;;;;;;;;;;;;;;;;
LoftHotel Przychodnia;Œródmieœcie, Warszawa Poka¿ na mapie;;192 ;;;;682;8,1;"2 ³ó¿ka
(2 pojedyncze)";;;;1 noc, 2 doros³ych;Pokój z 2 ³ó¿kami pojedynczymi i prywatn¹ ³azienk¹ poza pokojem;;;;"https://www.booking.com/hotel/pl/lofthotel-przychodnia.pl.html?aid=376384&label=bdot-B_AMmyp_WLH_Av2PkrGHrgS411092421008%3Apl%3Ata%3Ap1%3Ap22.562.000%3Aac%3Aap%3Aneg%3Afi%3Atikwd-334108349%3Alp9067401%3Ali%3Adec%3Adm%3Appccp%3DUmFuZG9tSVYkc2RlIyh9Yf5EcukO1MOGv2VrE6ywbUM&sid=98fa5d644f8e002bf3d45e3306afaaad&all_sr_blocks=86143001_190350627_0_2_0&checkin=2020-08-30&checkout=2020-08-31&dest_id=-534433&dest_type=city&group_adults=2&group_children=0&hapos=65&highlighted_blocks=86143001_190350627_0_2_0&hpos=15&no_rooms=1&sr_order=popularity&sr_pri_blocks=86143001_190350627_0_2_0__19200&srepoch=1588862985&srpvid=71f86844678e00be&ucfs=1&from=searchresults
;highlight_room=#hotelTmpl";;;;;;;;
;;;;;;;;;;;;;;;;;;;;;;;;;;
Dworzec Gdanski P&O Apartments;Œródmieœcie, Warszawa Poka¿ na mapie;;288 ;3000;;;50;7,7;"2 ³ó¿ka
(1 podwójne, 1 rozk³adana sofa)";;;;1 noc, 2 doros³ych;Apartament z 1 sypialni¹;;;;"https://www.booking.com/hotel/pl/dworzec-gdanski-p-amp-o-apartments.pl.html?aid=376384&label=bdot-B_AMmyp_WLH_Av2PkrGHrgS411092421008%3Apl%3Ata%3Ap1%3Ap22.562.000%3Aac%3Aap%3Aneg%3Afi%3Atikwd-334108349%3Alp9067401%3Ali%3Adec%3Adm%3Appccp%3DUmFuZG9tSVYkc2RlIyh9Yf5EcukO1MOGv2VrE6ywbUM&sid=98fa5d644f8e002bf3d45e3306afaaad&all_sr_blocks=208576201_179705007_2_2_0&checkin=2020-08-30&checkout=2020-08-31&dest_id=-534433&dest_type=city&group_adults=2&group_children=0&hapos=66&highlighted_blocks=208576201_179705007_2_2_0&hpos=16&no_rooms=1&sr_order=popularity&sr_pri_blocks=208576201_179705007_2_2_0__28800&srepoch=1588862985&srpvid=71f86844678e00be&ucfs=1&from=searchresults
;highlight_room=#hotelTmpl";;;;;;;;
;;;;;;;;;;;;;;;;;;;;;;;;;;
Radisson Blu Sobieski;Ochota, Warszawa Poka¿ na mapie;;220 ;1000;;;4 232 ;8,5;"1 ³ó¿ko
(1 du¿e podwójne)";;;;1 noc, 2 doros³ych;Przytulny pokój;;;;"https://www.booking.com/hotel/pl/warsaw_sobieski.pl.html?aid=376384&label=bdot-B_AMmyp_WLH_Av2PkrGHrgS411092421008%3Apl%3Ata%3Ap1%3Ap22.562.000%3Aac%3Aap%3Aneg%3Afi%3Atikwd-334108349%3Alp9067401%3Ali%3Adec%3Adm%3Appccp%3DUmFuZG9tSVYkc2RlIyh9Yf5EcukO1MOGv2VrE6ywbUM&sid=98fa5d644f8e002bf3d45e3306afaaad&all_sr_blocks=8701749_255256383_2_2_0&checkin=2020-08-30&checkout=2020-08-31&dest_id=-534433&dest_type=city&group_adults=2&group_children=0&hapos=67&highlighted_blocks=8701749_255256383_2_2_0&hpos=17&no_rooms=1&sr_order=popularity&sr_pri_blocks=8701749_255256383_2_2_0__22031&srepoch=1588862985&srpvid=71f86844678e00be&ucfs=1&from=searchresults
;highlight_room=#hotelTmpl";;;;;;;;
;;;;;;;;;;;;;;;;;;;;;;;;;;
Executive Suites MODUO;Mokotów, Warszawa Poka¿ na mapie;;239 ;5000;;;116;7,9;"2 ³ó¿ka
(2 pojedyncze)";;;;1 noc, 2 doros³ych;Apartament typu studio;;;;"https://www.booking.com/hotel/pl/executive-suites-moduo.pl.html?aid=376384&label=bdot-B_AMmyp_WLH_Av2PkrGHrgS411092421008%3Apl%3Ata%3Ap1%3Ap22.562.000%3Aac%3Aap%3Aneg%3Afi%3Atikwd-334108349%3Alp9067401%3Ali%3Adec%3Adm%3Appccp%3DUmFuZG9tSVYkc2RlIyh9Yf5EcukO1MOGv2VrE6ywbUM&sid=98fa5d644f8e002bf3d45e3306afaaad&all_sr_blocks=297132901_129341221_2_0_0&checkin=2020-08-30&checkout=2020-08-31&dest_id=-534433&dest_type=city&group_adults=2&group_children=0&hapos=68&highlighted_blocks=297132901_129341221_2_0_0&hpos=18&no_rooms=1&sr_order=popularity&sr_pri_blocks=297132901_129341221_2_0_0__23899&srepoch=1588862985&srpvid=71f86844678e00be&ucfs=1&from=searchresults
;highlight_room=#hotelTmpl";;;;;;;;
;;;;;;;;;;;;;;;;;;;;;;;;;;
Apartment4you Centrum;Œródmieœcie, Warszawa Poka¿ na mapie;;310 ;750;;;234;8,6;"1 ³ó¿ko
(1 podwójne)";;;;1 noc, 2 doros³ych;Apartament typu studio;;;;"https://www.booking.com/hotel/pl/apartment4you-centrum-4.pl.html?aid=376384&label=bdot-B_AMmyp_WLH_Av2PkrGHrgS411092421008%3Apl%3Ata%3Ap1%3Ap22.562.000%3Aac%3Aap%3Aneg%3Afi%3Atikwd-334108349%3Alp9067401%3Ali%3Adec%3Adm%3Appccp%3DUmFuZG9tSVYkc2RlIyh9Yf5EcukO1MOGv2VrE6ywbUM&sid=98fa5d644f8e002bf3d45e3306afaaad&all_sr_blocks=289508602_139538182_0_0_0&checkin=2020-08-30&checkout=2020-08-31&dest_id=-534433&dest_type=city&group_adults=2&group_children=0&hapos=69&highlighted_blocks=289508602_139538182_0_0_0&hpos=19&no_rooms=1&sr_order=popularity&sr_pri_blocks=289508602_139538182_0_0_0__31000&srepoch=1588862985&srpvid=71f86844678e00be&ucfs=1&from=searchresults
;highlight_room=#hotelTmpl";;;;;;;;
;;;;;;;;;;;;;;;;;;;;;;;;;;
Platinum Towers Central Apartments;Wola, Warszawa Poka¿ na mapie;;330 ;1000;;;618;8;"2 ³ó¿ka
(1 rozk³adana sofa, 1 du¿e podwójne)";;;;1 noc, 2 doros³ych;Apartament typu studio;;;;"https://www.booking.com/hotel/pl/platinum-towers-central-apartments-warszawa.pl.html?aid=376384&label=bdot-B_AMmyp_WLH_Av2PkrGHrgS411092421008%3Apl%3Ata%3Ap1%3Ap22.562.000%3Aac%3Aap%3Aneg%3Afi%3Atikwd-334108349%3Alp9067401%3Ali%3Adec%3Adm%3Appccp%3DUmFuZG9tSVYkc2RlIyh9Yf5EcukO1MOGv2VrE6ywbUM&sid=98fa5d644f8e002bf3d45e3306afaaad&all_sr_blocks=67983609_201335961_2_2_0&checkin=2020-08-30&checkout=2020-08-31&dest_id=-534433&dest_type=city&group_adults=2&group_children=0&hapos=70&highlighted_blocks=67983609_201335961_2_2_0&hpos=20&no_rooms=1&sr_order=popularity&sr_pri_blocks=67983609_201335961_2_2_0__32980&srepoch=1588862985&srpvid=71f86844678e00be&ucfs=1&from=searchresults
;highlight_room=#hotelTmpl";;;;;;;;
;;;;;;;;;;;;;;;;;;;;;;;;;;
bonApartments;Œródmieœcie, Warszawa Poka¿ na mapie;;179 ;650;;;1 065 ;8,3;"2 ³ó¿ka
(1 podwójne, 1 rozk³adana sofa)";;;;1 noc, 2 doros³ych;Studio z balkonem;;;;"https://www.booking.com/hotel/pl/bonapartments-cosy.pl.html?aid=376384&label=bdot-B_AMmyp_WLH_Av2PkrGHrgS411092421008%3Apl%3Ata%3Ap1%3Ap22.562.000%3Aac%3Aap%3Aneg%3Afi%3Atikwd-334108349%3Alp9067401%3Ali%3Adec%3Adm%3Appccp%3DUmFuZG9tSVYkc2RlIyh9Yf5EcukO1MOGv2VrE6ywbUM&sid=98fa5d644f8e002bf3d45e3306afaaad&all_sr_blocks=46090302_231187663_2_0_0&checkin=2020-08-30&checkout=2020-08-31&dest_id=-534433&dest_type=city&group_adults=2&group_children=0&hapos=71&highlighted_blocks=46090302_231187663_2_0_0&hpos=21&no_rooms=1&sr_order=popularity&sr_pri_blocks=46090302_231187663_2_0_0__17900&srepoch=1588862985&srpvid=71f86844678e00be&ucfs=1&from=searchresults
;highlight_room=#hotelTmpl";;;;;;;;
;;;;;;;;;;;;;;;;;;;;;;;;;;
Platinum Residence;Wola, Warszawa Poka¿ na mapie;;270 ;1000;;;1 938 ;8,3;"1 ³ó¿ko
(1 du¿e podwójne)";;;;1 noc, 2 doros³ych;Apartament typu studio;;;;"https://www.booking.com/hotel/pl/platinum-residence.pl.html?aid=376384&label=bdot-B_AMmyp_WLH_Av2PkrGHrgS411092421008%3Apl%3Ata%3Ap1%3Ap22.562.000%3Aac%3Aap%3Aneg%3Afi%3Atikwd-334108349%3Alp9067401%3Ali%3Adec%3Adm%3Appccp%3DUmFuZG9tSVYkc2RlIyh9Yf5EcukO1MOGv2VrE6ywbUM&sid=98fa5d644f8e002bf3d45e3306afaaad&all_sr_blocks=23838105_226369751_0_2_0&checkin=2020-08-30&checkout=2020-08-31&dest_id=-534433&dest_type=city&group_adults=2&group_children=0&hapos=72&highlighted_blocks=23838105_226369751_0_2_0&hpos=22&no_rooms=1&sr_order=popularity&sr_pri_blocks=23838105_226369751_0_2_0__26999&srepoch=1588862985&srpvid=71f86844678e00be&ucfs=1&from=searchresults
;highlight_room=#hotelTmpl";;;;;;;;
;;;;;;;;;;;;;;;;;;;;;;;;;;
Airport Bakalarska P&O Serviced Apartments;W³ochy, Warszawa Poka¿ na mapie;;266 ;5000;;;133;7,5;"2 ³ó¿ka
(1 podwójne, 1 rozk³adana sofa)";;;;1 noc, 2 doros³ych;Apartament z 1 sypialni¹;;;;"https://www.booking.com/hotel/pl/airport-bakalarska-p-amp-o-serviced-apartments.pl.html?aid=376384&label=bdot-B_AMmyp_WLH_Av2PkrGHrgS411092421008%3Apl%3Ata%3Ap1%3Ap22.562.000%3Aac%3Aap%3Aneg%3Afi%3Atikwd-334108349%3Alp9067401%3Ali%3Adec%3Adm%3Appccp%3DUmFuZG9tSVYkc2RlIyh9Yf5EcukO1MOGv2VrE6ywbUM&sid=98fa5d644f8e002bf3d45e3306afaaad&all_sr_blocks=354089406_129303872_2_2_0&checkin=2020-08-30&checkout=2020-08-31&dest_id=-534433&dest_type=city&group_adults=2&group_children=0&hapos=73&highlighted_blocks=354089406_129303872_2_2_0&hpos=23&no_rooms=1&sr_order=popularity&sr_pri_blocks=354089406_129303872_2_2_0__26552&srepoch=1588862985&srpvid=71f86844678e00be&ucfs=1&from=searchresults
;highlight_room=#hotelTmpl";;;;;;;;
;;;;;;;;;;;;;;;;;;;;;;;;;;
Start Hotel Atos;Mokotów, Warszawa Poka¿ na mapie;;160 ;5000;;;1 452 ;8,8;"2 ³ó¿ka
(2 pojedyncze)";;;;1 noc, 2 doros³ych;Pokój z 2 ³ó¿kami pojedynczymi i prywatn¹ ³azienk¹;;;;"https://www.booking.com/hotel/pl/warszawa_atos.pl.html?aid=376384&label=bdot-B_AMmyp_WLH_Av2PkrGHrgS411092421008%3Apl%3Ata%3Ap1%3Ap22.562.000%3Aac%3Aap%3Aneg%3Afi%3Atikwd-334108349%3Alp9067401%3Ali%3Adec%3Adm%3Appccp%3DUmFuZG9tSVYkc2RlIyh9Yf5EcukO1MOGv2VrE6ywbUM&sid=98fa5d644f8e002bf3d45e3306afaaad&all_sr_blocks=8703929_190217908_0_2_0&checkin=2020-08-30&checkout=2020-08-31&dest_id=-534433&dest_type=city&group_adults=2&group_children=0&hapos=74&highlighted_blocks=8703929_190217908_0_2_0&hpos=24&no_rooms=1&sr_order=popularity&sr_pri_blocks=8703929_190217908_0_2_0__16000&srepoch=1588862985&srpvid=71f86844678e00be&ucfs=1&from=searchresults
;highlight_room=#hotelTmpl";;;;;;;;
;;;;;;;;;;;;;;;;;;;;;;;;;;
Warsaw City Center P&O Serviced Apartments;Œródmieœcie, Warszawa Poka¿ na mapie;;274 ;850;;;5;8,2;"4 ³ó¿ka
(3 podwójne, 1 rozk³adana sofa)";;;;1 noc, 2 doros³ych;Apartament z 2 sypialniami;;;;"https://www.booking.com/hotel/pl/p-amp-o-serviced-apartments-warsaw-city-center.pl.html?aid=376384&label=bdot-B_AMmyp_WLH_Av2PkrGHrgS411092421008%3Apl%3Ata%3Ap1%3Ap22.562.000%3Aac%3Aap%3Aneg%3Afi%3Atikwd-334108349%3Alp9067401%3Ali%3Adec%3Adm%3Appccp%3DUmFuZG9tSVYkc2RlIyh9Yf5EcukO1MOGv2VrE6ywbUM&sid=98fa5d644f8e002bf3d45e3306afaaad&all_sr_blocks=428371901_175398436_2_2_0&checkin=2020-08-30&checkout=2020-08-31&dest_id=-534433&dest_type=city&group_adults=2&group_children=0&hapos=75&highlighted_blocks=428371901_175398436_2_2_0&hpos=25&no_rooms=1&sr_order=popularity&sr_pri_blocks=428371901_175398436_2_2_0__27446&srepoch=1588862985&srpvid=71f86844678e00be&ucfs=1&from=searchresults
;highlight_room=#hotelTmpl";;;;;;;;
;;;;;;;;;;;;;;;;;;;;;;;;;;
Hotel Boss;Wawer, Warszawa Poka¿ na mapie;;260 ;14000;;;1 951 ;8,8;"2 ³ó¿ka
(2 pojedyncze)";;;;1 noc, 2 doros³ych;Pokój Dwuosobowy z 1 lub 2 ³ó¿kami;;;;"https://www.booking.com/hotel/pl/boss-centrum-konferencyjno-szkoleniowe-warszawa.pl.html?aid=376384&label=bdot-B_AMmyp_WLH_Av2PkrGHrgS411092421008%3Apl%3Ata%3Ap1%3Ap22.562.000%3Aac%3Aap%3Aneg%3Afi%3Atikwd-334108349%3Alp9067401%3Ali%3Adec%3Adm%3Appccp%3DUmFuZG9tSVYkc2RlIyh9Yf5EcukO1MOGv2VrE6ywbUM&sid=98fa5d644f8e002bf3d45e3306afaaad&all_sr_blocks=18713202_174196578_0_2_0&checkin=2020-08-30&checkout=2020-08-31&dest_id=-534433&dest_type=city&group_adults=2&group_children=0&hapos=76&highlighted_blocks=18713202_174196578_0_2_0&hpos=26&no_rooms=1&sr_order=popularity&sr_pri_blocks=18713202_174196578_0_2_0__26000&srepoch=1588862985&srpvid=71f86844678e00be&ucfs=1&from=searchresults
;highlight_room=;has_campaign_deals_getaway20_customer_label=1#hotelTmpl";;;;;;;;
;;;;;;;;;;;;;;;;;;;;;;;;;;
P&O Apartments Wola;Wola, Warszawa Poka¿ na mapie;;295 ;2000;;;29;7,3;"2 ³ó¿ka
(1 podwójne, 1 rozk³adana sofa)";;;;1 noc, 2 doros³ych;Apartament z 1 sypialni¹;;;;"https://www.booking.com/hotel/pl/pandoapartments-gieldowa.pl.html?aid=376384&label=bdot-B_AMmyp_WLH_Av2PkrGHrgS411092421008%3Apl%3Ata%3Ap1%3Ap22.562.000%3Aac%3Aap%3Aneg%3Afi%3Atikwd-334108349%3Alp9067401%3Ali%3Adec%3Adm%3Appccp%3DUmFuZG9tSVYkc2RlIyh9Yf5EcukO1MOGv2VrE6ywbUM&sid=98fa5d644f8e002bf3d45e3306afaaad&all_sr_blocks=34059415_179825579_2_2_0&checkin=2020-08-30&checkout=2020-08-31&dest_id=-534433&dest_type=city&group_adults=2&group_children=0&hapos=77&highlighted_blocks=34059415_179825579_2_2_0&hpos=27&no_rooms=1&sr_order=popularity&sr_pri_blocks=34059415_179825579_2_2_0__29496&srepoch=1588862985&srpvid=71f86844678e00be&ucfs=1&from=searchresults
;highlight_room=#hotelTmpl";;;;;;;;
